Date,Open,High,Low,Close,Adj Close,Volume
2002-07-30,81.120003,81.129997,81.000000,81.010002,61.417461,95300
2002-07-31,81.169998,81.309998,81.150002,81.260002,61.607021,38800
2002-08-01,81.330002,81.449997,81.330002,81.419998,61.728313,86800
2002-08-02,81.459999,81.639999,81.400002,81.580002,61.849560,83400
2002-08-05,81.629997,81.730003,81.570000,81.709999,61.948158,93100
2002-08-06,81.610001,81.610001,81.449997,81.510002,61.796539,58200
2002-08-07,81.589996,81.690002,81.540001,81.629997,61.887524,127000
2002-08-08,81.610001,81.620003,81.470001,81.510002,61.796539,111800
2002-08-09,81.480003,81.559998,81.459999,81.529999,61.811703,50900
2002-08-12,81.510002,81.570000,81.470001,81.519997,61.804111,52300
2002-08-13,81.589996,81.680000,81.480003,81.660004,61.910244,36200
2002-08-14,81.690002,81.709999,81.459999,81.480003,61.773781,108700
2002-08-15,81.379997,81.540001,81.300003,81.410004,61.720695,87700
2002-08-16,81.540001,81.550003,81.309998,81.360001,61.682762,274500
2002-08-19,81.410004,81.430000,81.309998,81.370003,61.690422,36000
2002-08-20,81.510002,81.570000,81.459999,81.559998,61.834457,51400
2002-08-21,81.459999,81.540001,81.419998,81.489998,61.781395,43100
2002-08-22,81.500000,81.500000,81.379997,81.400002,61.713177,47700
2002-08-23,81.480003,81.519997,81.440002,81.500000,61.788967,60900
2002-08-26,81.489998,81.550003,81.449997,81.489998,61.781395,49700
2002-08-27,81.400002,81.449997,81.349998,81.430000,61.735928,54700
2002-08-28,81.510002,81.529999,81.459999,81.489998,61.781395,50600
2002-08-29,81.639999,81.639999,81.550003,81.580002,61.849560,53700
2002-08-30,81.629997,81.629997,81.519997,81.610001,61.872345,143800
2002-09-03,81.620003,81.779999,81.610001,81.669998,62.018909,83000
2002-09-04,81.669998,81.730003,81.599998,81.639999,61.996147,49500
2002-09-05,81.690002,81.730003,81.639999,81.730003,62.064442,49000
2002-09-06,81.550003,81.610001,81.529999,81.570000,61.942959,33700
2002-09-09,81.519997,81.570000,81.449997,81.459999,61.859425,65200
2002-09-10,81.440002,81.540001,81.419998,81.510002,61.897411,51000
2002-09-11,81.400002,81.459999,81.360001,81.459999,61.859425,24700
2002-09-12,81.480003,81.550003,81.459999,81.519997,61.905033,50100
2002-09-13,81.550003,81.589996,81.519997,81.580002,61.950539,95100
2002-09-16,81.610001,81.610001,81.540001,81.550003,61.927792,39000
2002-09-17,81.519997,81.620003,81.480003,81.610001,61.973343,28800
2002-09-18,81.639999,81.699997,81.599998,81.599998,61.965736,173700
2002-09-19,81.760002,81.769997,81.660004,81.769997,62.094879,191100
2002-09-20,81.739998,81.790001,81.699997,81.779999,62.102428,360800
2002-09-23,81.820000,81.849998,81.750000,81.800003,62.117619,263600
2002-09-24,81.870003,81.940002,81.779999,81.839996,62.148045,659400
2002-09-25,81.790001,81.830002,81.699997,81.760002,62.087307,240400
2002-09-26,81.760002,81.820000,81.690002,81.790001,62.110020,81100
2002-09-27,81.849998,81.959999,81.809998,81.959999,62.239128,136200
2002-09-30,82.029999,82.129997,82.000000,82.080002,62.330280,216900
2002-10-01,81.910004,82.000000,81.839996,81.860001,62.254215,94100
2002-10-02,81.889999,81.949997,81.830002,81.930000,62.307465,79400
2002-10-03,81.900002,81.970001,81.800003,81.940002,62.315094,196500
2002-10-04,81.769997,81.930000,81.760002,81.870003,62.261887,205600
2002-10-07,81.970001,81.970001,81.879997,81.970001,62.337837,171600
2002-10-08,81.849998,82.000000,81.849998,81.889999,62.277000,167100
2002-10-09,81.989998,82.059998,81.919998,82.059998,62.406338,332800
2002-10-10,82.029999,82.080002,81.930000,81.980003,62.345436,166200
2002-10-11,81.949997,81.949997,81.800003,81.849998,62.246613,407000
2002-10-14,81.820000,81.879997,81.820000,81.870003,62.261887,54500
2002-10-15,81.669998,81.699997,81.540001,81.559998,62.026066,100800
2002-10-16,81.650002,81.669998,81.550003,81.589996,62.048832,51300
2002-10-17,81.519997,81.570000,81.480003,81.519997,61.995670,239200
2002-10-18,81.489998,81.589996,81.410004,81.589996,62.048832,100600
2002-10-21,81.559998,81.570000,81.370003,81.410004,61.911999,595800
2002-10-22,81.470001,81.480003,81.370003,81.400002,61.904392,325800
2002-10-23,81.500000,81.580002,81.430000,81.459999,61.950001,126700
2002-10-24,81.510002,81.639999,81.500000,81.599998,62.056458,69400
2002-10-25,81.709999,81.779999,81.660004,81.739998,62.162941,56000
2002-10-28,81.889999,81.900002,81.830002,81.849998,62.246613,31100
2002-10-29,81.940002,82.089996,81.930000,82.029999,62.383545,25000
2002-10-30,82.010002,82.099998,81.970001,82.019997,62.375923,28800
2002-10-31,82.029999,82.169998,81.989998,82.160004,62.482384,153700
2002-11-01,81.970001,82.019997,81.860001,81.940002,62.416107,50300
2002-11-04,81.849998,81.900002,81.830002,81.860001,62.355164,255200
2002-11-05,81.889999,81.889999,81.779999,81.849998,62.347519,342100
2002-11-06,81.839996,81.989998,81.800003,81.879997,62.370407,176100
2002-11-07,81.900002,81.919998,81.839996,81.919998,62.400887,39900
2002-11-08,81.860001,81.910004,81.830002,81.889999,62.377972,27800
2002-11-11,81.870003,81.970001,81.860001,81.970001,62.438938,83800
2002-11-12,81.940002,82.000000,81.930000,81.989998,62.454216,50300
2002-11-13,81.940002,82.040001,81.940002,82.000000,62.461758,46400
2002-11-14,81.940002,81.940002,81.800003,81.800003,62.309425,30900
2002-11-15,81.800003,81.839996,81.750000,81.839996,62.339916,27500
2002-11-18,81.800003,81.860001,81.769997,81.839996,62.339916,27300
2002-11-19,81.849998,81.860001,81.779999,81.820000,62.324677,22400
2002-11-20,81.879997,81.879997,81.699997,81.750000,62.271385,19400
2002-11-21,81.680000,81.720001,81.629997,81.639999,62.187592,72500
2002-11-22,81.660004,81.680000,81.610001,81.610001,62.164745,43400
2002-11-25,81.620003,81.709999,81.610001,81.660004,62.202824,49100
2002-11-26,81.720001,81.820000,81.690002,81.809998,62.317013,28500
2002-11-27,81.730003,81.730003,81.610001,81.669998,62.210426,542100
2002-11-29,81.720001,81.720001,81.669998,81.709999,62.240868,69100
2002-12-02,81.500000,81.639999,81.419998,81.620003,62.263802,74100
2002-12-03,81.660004,81.660004,81.580002,81.650002,62.286659,88900
2002-12-04,81.709999,81.750000,81.620003,81.699997,62.324791,220000
2002-12-05,81.669998,81.790001,81.629997,81.769997,62.378159,122300
2002-12-06,81.910004,81.910004,81.779999,81.849998,62.439224,470600
2002-12-09,81.900002,81.919998,81.839996,81.870003,62.454529,83500
2002-12-10,81.900002,81.910004,81.820000,81.860001,62.446877,32500
2002-12-11,81.889999,81.959999,81.879997,81.930000,62.500282,108700
2002-12-12,81.879997,82.000000,81.870003,81.959999,62.523178,41200
2002-12-13,81.919998,81.959999,81.879997,81.900002,62.477386,91600
2002-12-16,81.930000,81.930000,81.830002,81.860001,62.446877,36500
2002-12-17,81.919998,81.940002,81.870003,81.940002,62.507912,47200
2002-12-18,82.029999,82.070000,81.989998,82.070000,62.607063,275400
2002-12-19,82.059998,82.160004,82.040001,82.160004,62.675694,419200
2002-12-20,82.120003,82.150002,82.070000,82.120003,62.645218,46800
2002-12-23,82.110001,82.129997,82.070000,82.129997,62.652832,49100
2002-12-24,82.239998,82.250000,82.199997,82.220001,62.721512,73300
2002-12-26,82.230003,82.279999,82.190002,82.279999,62.767284,24800
2002-12-27,82.349998,82.389999,82.300003,82.379997,62.843498,45600
2002-12-30,82.360001,82.419998,82.339996,82.389999,62.851147,101400
2002-12-31,82.260002,82.320000,82.239998,82.309998,62.896263,207600
2003-01-02,82.160004,82.180000,81.959999,82.000000,62.659336,323800
2003-01-03,81.940002,82.010002,81.910004,82.010002,62.667000,55100
2003-01-06,81.949997,81.980003,81.870003,81.959999,62.628803,133000
2003-01-07,81.940002,82.059998,81.930000,82.019997,62.674698,99900
2003-01-08,82.099998,82.139999,82.070000,82.089996,62.728157,85000
2003-01-09,82.040001,82.040001,81.910004,81.940002,62.613552,120500
2003-01-10,82.059998,82.059998,81.940002,82.050003,62.697617,43700
2003-01-13,82.019997,82.059998,81.970001,82.029999,62.682339,71500
2003-01-14,82.099998,82.110001,82.040001,82.059998,62.705215,40700
2003-01-15,82.099998,82.169998,82.089996,82.089996,62.728157,199300
2003-01-16,82.089996,82.139999,82.019997,82.139999,62.766331,31300
2003-01-17,82.209999,82.220001,82.120003,82.120003,62.751106,40300
2003-01-21,82.160004,82.230003,82.129997,82.220001,62.827503,92800
2003-01-22,82.199997,82.279999,82.199997,82.279999,62.873333,48100
2003-01-23,82.199997,82.269997,82.199997,82.230003,62.835129,49700
2003-01-24,82.260002,82.300003,82.220001,82.220001,62.827503,134500
2003-01-27,82.250000,82.269997,82.190002,82.220001,62.827503,333200
2003-01-28,82.230003,82.250000,82.169998,82.239998,62.842812,1039400
2003-01-29,82.260002,82.269997,82.139999,82.169998,62.789272,27400
2003-01-30,82.160004,82.269997,82.150002,82.269997,62.865719,138300
2003-01-31,82.279999,82.279999,82.199997,82.250000,62.850426,136600
2003-02-03,82.089996,82.110001,82.050003,82.080002,62.813698,94800
2003-02-04,82.169998,82.180000,82.120003,82.169998,62.882542,85700
2003-02-05,82.169998,82.199997,82.099998,82.139999,62.859615,27300
2003-02-06,82.199997,82.209999,82.150002,82.180000,62.890213,66400
2003-02-07,82.160004,82.260002,82.120003,82.250000,62.943798,70100
2003-02-10,82.239998,82.250000,82.150002,82.190002,62.897861,60900
2003-02-11,82.129997,82.230003,82.129997,82.220001,62.920826,59000
2003-02-12,82.239998,82.300003,82.230003,82.290001,62.974369,77900
2003-02-13,82.300003,82.379997,82.269997,82.360001,63.027954,63500
2003-02-14,82.290001,82.330002,82.250000,82.290001,62.974369,152100
2003-02-18,82.239998,82.269997,82.190002,82.260002,62.951439,155900
2003-02-19,82.279999,82.330002,82.250000,82.300003,62.982010,76800
2003-02-20,82.279999,82.360001,82.279999,82.349998,63.020325,50000
2003-02-21,82.309998,82.360001,82.269997,82.279999,62.966736,76400
2003-02-24,82.339996,82.349998,82.290001,82.320000,62.997368,103100
2003-02-25,82.379997,82.419998,82.339996,82.370003,63.035587,84200
2003-02-26,82.400002,82.410004,82.360001,82.410004,63.066200,151800
2003-02-27,82.400002,82.410004,82.339996,82.410004,63.066200,57400
2003-02-28,82.370003,82.449997,82.330002,82.449997,63.096813,57100
2003-03-03,82.269997,82.370003,82.269997,82.370003,63.117504,47900
2003-03-04,82.330002,82.410004,82.330002,82.360001,63.109871,51400
2003-03-05,82.440002,82.480003,82.400002,82.430000,63.163521,60200
2003-03-06,82.470001,82.470001,82.379997,82.459999,63.186436,69100
2003-03-07,82.580002,82.580002,82.480003,82.540001,63.247738,149300
2003-03-10,82.550003,82.629997,82.550003,82.620003,63.309086,64900
2003-03-11,82.589996,82.599998,82.529999,82.550003,63.255436,75400
2003-03-12,82.480003,82.540001,82.459999,82.489998,63.209480,59800
2003-03-13,82.360001,82.389999,82.239998,82.239998,63.017933,68100
2003-03-14,82.309998,82.379997,82.290001,82.320000,63.079216,338700
2003-03-17,82.449997,82.449997,82.190002,82.220001,63.002602,133700
2003-03-18,82.220001,82.290001,82.129997,82.150002,62.948940,126800
2003-03-19,82.199997,82.199997,82.120003,82.129997,62.933632,62700
2003-03-20,82.180000,82.250000,82.120003,82.230003,63.010262,93200
2003-03-21,82.139999,82.150002,82.019997,82.019997,62.849380,131400
2003-03-24,82.180000,82.230003,82.169998,82.199997,62.987179,54800
2003-03-25,82.269997,82.269997,82.120003,82.199997,62.987179,31000
2003-03-26,82.190002,82.300003,82.190002,82.300003,63.063843,62600
2003-03-27,82.339996,82.370003,82.279999,82.320000,63.079216,47700
2003-03-28,82.419998,82.430000,82.360001,82.430000,63.163521,88700
2003-03-31,82.500000,82.529999,82.449997,82.489998,63.209480,86900
2003-04-01,82.330002,82.400002,82.290001,82.360001,63.195648,41300
2003-04-02,82.279999,82.300003,82.209999,82.269997,63.126621,171700
2003-04-03,82.239998,82.349998,82.239998,82.320000,63.164993,298000
2003-04-04,82.349998,82.379997,82.290001,82.300003,63.149582,71700
2003-04-07,82.169998,82.250000,82.139999,82.250000,63.111317,83600
2003-04-08,82.239998,82.330002,82.239998,82.330002,63.172657,116800
2003-04-09,82.290001,82.379997,82.279999,82.379997,63.211014,164800
2003-04-10,82.330002,82.370003,82.269997,82.269997,63.126621,32100
2003-04-11,82.199997,82.269997,82.150002,82.230003,63.095894,270100
2003-04-14,82.150002,82.180000,82.099998,82.160004,63.042191,261700
2003-04-15,82.190002,82.250000,82.150002,82.220001,63.088253,91500
2003-04-16,82.160004,82.250000,82.160004,82.230003,63.095894,101300
2003-04-17,82.269997,82.279999,82.150002,82.160004,63.042191,106800
2003-04-21,82.160004,82.209999,82.110001,82.209999,63.080585,37800
2003-04-22,82.250000,82.269997,82.180000,82.199997,63.072941,225400
2003-04-23,82.260002,82.269997,82.199997,82.260002,63.118965,145700
2003-04-24,82.309998,82.370003,82.300003,82.339996,63.180271,45300
2003-04-25,82.370003,82.430000,82.339996,82.419998,63.241703,346200
2003-04-28,82.419998,82.440002,82.349998,82.400002,63.226376,164700
2003-04-29,82.360001,82.379997,82.309998,82.339996,63.180271,68200
2003-04-30,82.389999,82.519997,82.370003,82.510002,63.310745,81600
2003-05-01,82.419998,82.459999,82.360001,82.379997,63.310760,90700
2003-05-02,82.410004,82.410004,82.290001,82.290001,63.241596,68400
2003-05-05,82.290001,82.360001,82.260002,82.349998,63.287701,120700
2003-05-06,82.300003,82.470001,82.230003,82.470001,63.379986,107400
2003-05-07,82.470001,82.489998,82.419998,82.489998,63.395306,48200
2003-05-08,82.500000,82.500000,82.400002,82.449997,63.364571,81900
2003-05-09,82.410004,82.470001,82.389999,82.430000,63.349159,213900
2003-05-12,82.470001,82.519997,82.430000,82.489998,63.395306,94800
2003-05-13,82.470001,82.470001,82.410004,82.470001,63.379986,62600
2003-05-14,82.500000,82.559998,82.470001,82.519997,63.418331,50500
2003-05-15,82.440002,82.519997,82.440002,82.489998,63.395306,107600
2003-05-16,82.529999,82.599998,82.489998,82.580002,63.464508,50000
2003-05-19,82.669998,82.669998,82.599998,82.599998,63.479813,68700
2003-05-20,82.570000,82.709999,82.570000,82.709999,63.564392,104800
2003-05-21,82.570000,82.690002,82.570000,82.599998,63.479813,40400
2003-05-22,82.669998,82.669998,82.599998,82.629997,63.502861,45500
2003-05-23,82.650002,82.669998,82.599998,82.660004,63.525925,48400
2003-05-27,82.660004,82.680000,82.589996,82.629997,63.502861,79100
2003-05-28,82.610001,82.690002,82.599998,82.680000,63.541344,51200
2003-05-29,82.690002,82.730003,82.650002,82.709999,63.564392,57400
2003-05-30,82.680000,82.690002,82.620003,82.680000,63.541344,191900
2003-06-02,82.540001,82.570000,82.500000,82.529999,63.508171,100300
2003-06-03,82.599998,82.730003,82.570000,82.690002,63.631313,52700
2003-06-04,82.779999,82.779999,82.709999,82.760002,63.685181,104100
2003-06-05,82.750000,82.800003,82.669998,82.709999,63.646763,96100
2003-06-06,82.620003,82.699997,82.599998,82.690002,63.631313,156100
2003-06-09,82.769997,82.800003,82.720001,82.800003,63.715984,105900
2003-06-10,82.849998,82.889999,82.800003,82.889999,63.785229,49100
2003-06-11,82.879997,82.879997,82.809998,82.830002,63.739082,147300
2003-06-12,82.849998,82.919998,82.809998,82.879997,63.777523,208400
2003-06-13,82.919998,82.980003,82.870003,82.949997,63.831417,115700
2003-06-16,82.930000,82.940002,82.820000,82.849998,63.754494,141300
2003-06-17,82.800003,82.800003,82.709999,82.730003,63.662128,163700
2003-06-18,82.730003,82.800003,82.709999,82.739998,63.669838,106600
2003-06-19,82.809998,82.870003,82.760002,82.820000,63.731415,145300
2003-06-20,82.800003,82.839996,82.769997,82.800003,63.715984,87900
2003-06-23,82.849998,82.879997,82.809998,82.879997,63.777523,84900
2003-06-24,82.919998,82.949997,82.870003,82.940002,63.823727,211300
2003-06-25,83.029999,83.040001,82.720001,82.769997,63.692902,818400
2003-06-26,82.760002,82.760002,82.559998,82.620003,63.577496,177200
2003-06-27,82.650002,82.650002,82.519997,82.639999,63.592911,137300
2003-06-30,82.589996,82.720001,82.589996,82.709999,63.646763,225300
2003-07-01,82.570000,82.690002,82.550003,82.610001,63.648273,105900
2003-07-02,82.550003,82.660004,82.510002,82.650002,63.679157,72100
2003-07-03,82.680000,82.680000,82.559998,82.559998,63.609756,160900
2003-07-07,82.559998,82.559998,82.500000,82.540001,63.594334,109500
2003-07-08,82.519997,82.570000,82.470001,82.510002,63.571228,108700
2003-07-09,82.510002,82.580002,82.510002,82.529999,63.586639,66600
2003-07-10,82.540001,82.610001,82.540001,82.599998,63.640610,282900
2003-07-11,82.540001,82.660004,82.540001,82.629997,63.663670,47700
2003-07-14,82.629997,82.650002,82.550003,82.559998,63.609756,134100
2003-07-15,82.550003,82.580002,82.410004,82.459999,63.532684,136700
2003-07-16,82.379997,82.489998,82.370003,82.470001,63.540428,104100
2003-07-17,82.440002,82.470001,82.389999,82.419998,63.501862,84900
2003-07-18,82.449997,82.470001,82.379997,82.410004,63.494179,116000
2003-07-21,82.360001,82.400002,82.250000,82.269997,63.386303,96000
2003-07-22,82.320000,82.360001,82.279999,82.349998,63.447998,146900
2003-07-23,82.430000,82.470001,82.389999,82.389999,63.478790,221600
2003-07-24,82.339996,82.419998,82.339996,82.379997,63.471107,111900
2003-07-25,82.379997,82.470001,82.379997,82.419998,63.501862,86500
2003-07-28,82.309998,82.370003,82.300003,82.309998,63.417110,86400
2003-07-29,82.300003,82.440002,82.209999,82.239998,63.363190,120500
2003-07-30,82.290001,82.379997,82.269997,82.279999,63.394012,59000
2003-07-31,82.239998,82.269997,82.029999,82.190002,63.324738,130700
2003-08-01,81.900002,82.099998,81.879997,82.000000,63.256760,276500
2003-08-04,81.980003,82.169998,81.980003,82.129997,63.357071,127300
2003-08-05,82.160004,82.160004,81.900002,81.980003,63.241329,124500
2003-08-06,81.940002,82.099998,81.940002,82.059998,63.303070,80000
2003-08-07,82.120003,82.150002,82.019997,82.150002,63.372524,99100
2003-08-08,82.199997,82.260002,82.139999,82.169998,63.387966,187100
2003-08-11,82.139999,82.139999,82.029999,82.059998,63.303070,84800
2003-08-12,82.099998,82.209999,82.050003,82.199997,63.411125,46100
2003-08-13,82.089996,82.110001,82.000000,82.040001,63.287685,83200
2003-08-14,81.970001,82.040001,81.940002,82.019997,63.272205,134600
2003-08-15,82.099998,82.199997,82.050003,82.080002,63.318497,21100
2003-08-18,82.120003,82.120003,82.010002,82.070000,63.310791,134100
2003-08-19,82.040001,82.169998,81.980003,82.169998,63.387966,88900
2003-08-20,82.139999,82.180000,82.059998,82.110001,63.341660,81200
2003-08-21,82.080002,82.099998,81.879997,81.989998,63.249065,99200
2003-08-22,81.879997,82.019997,81.879997,81.970001,63.233700,174500
2003-08-25,82.000000,82.010002,81.910004,81.930000,63.202766,77100
2003-08-26,81.919998,82.019997,81.879997,82.019997,63.272205,350400
2003-08-27,82.029999,82.029999,81.900002,81.940002,63.210526,43300
2003-08-28,82.019997,82.110001,81.989998,82.059998,63.303070,91000
2003-08-29,82.070000,82.070000,81.989998,82.050003,63.295372,156800
2003-09-02,81.860001,81.910004,81.820000,81.839996,63.212673,378800
2003-09-03,81.849998,81.900002,81.830002,81.900002,63.259102,117700
2003-09-04,81.940002,82.050003,81.919998,82.010002,63.344006,79900
2003-09-05,82.220001,82.300003,82.150002,82.290001,63.560268,66800
2003-09-08,82.230003,82.400002,82.190002,82.190002,63.483093,194400
2003-09-09,82.279999,82.330002,82.199997,82.330002,63.591190,102100
2003-09-10,82.349998,82.419998,82.309998,82.379997,63.629803,91000
2003-09-11,82.320000,82.360001,82.300003,82.320000,63.583519,75800
2003-09-12,82.449997,82.489998,82.370003,82.389999,63.637566,222200
2003-09-15,82.400002,82.480003,82.349998,82.470001,63.699341,66200
2003-09-16,82.500000,82.500000,82.389999,82.480003,63.707058,102200
2003-09-17,82.470001,82.529999,82.419998,82.470001,63.699341,86400
2003-09-18,82.449997,82.449997,82.349998,82.389999,63.637566,192800
2003-09-19,82.379997,82.410004,82.320000,82.389999,63.637566,59500
2003-09-22,82.370003,82.430000,82.290001,82.419998,63.660732,86700
2003-09-23,82.389999,82.440002,82.339996,82.440002,63.676178,265000
2003-09-24,82.410004,82.510002,82.370003,82.489998,63.714745,62400
2003-09-25,82.489998,82.529999,82.449997,82.500000,63.722462,103100
2003-09-26,82.519997,82.599998,82.480003,82.599998,63.799767,76100
2003-09-29,82.589996,82.610001,82.529999,82.559998,63.768833,159300
2003-09-30,82.620003,82.730003,82.580002,82.730003,63.900143,92900
2003-10-01,82.620003,82.680000,82.599998,82.650002,63.910217,115000
2003-10-02,82.550003,82.660004,82.529999,82.650002,63.910217,93500
2003-10-03,82.440002,82.470001,82.379997,82.440002,63.747860,134300
2003-10-06,82.379997,82.510002,82.379997,82.500000,63.794186,98900
2003-10-07,82.500000,82.500000,82.400002,82.419998,63.732342,171400
2003-10-08,82.400002,82.489998,82.400002,82.419998,63.732342,71900
2003-10-09,82.360001,82.410004,82.349998,82.410004,63.724644,143600
2003-10-10,82.480003,82.489998,82.410004,82.459999,63.763271,212200
2003-10-13,82.449997,82.470001,82.400002,82.470001,63.771011,165500
2003-10-14,82.370003,82.419998,82.339996,82.389999,63.709179,59900
2003-10-15,82.300003,82.320000,82.260002,82.290001,63.631783,82300
2003-10-16,82.330002,82.339996,82.070000,82.099998,63.484905,121800
2003-10-17,82.120003,82.199997,82.080002,82.199997,63.562260,118200
2003-10-20,82.139999,82.250000,82.099998,82.209999,63.569950,185700
2003-10-21,82.260002,82.279999,82.190002,82.230003,63.585430,126400
2003-10-22,82.260002,82.360001,82.220001,82.320000,63.655067,95300
2003-10-23,82.309998,82.339996,82.230003,82.300003,63.639553,102000
2003-10-24,82.349998,82.410004,82.300003,82.400002,63.716892,70700
2003-10-27,82.349998,82.360001,82.300003,82.309998,63.647324,120100
2003-10-28,82.250000,82.470001,82.220001,82.449997,63.755577,97600
2003-10-29,82.379997,82.500000,82.339996,82.360001,63.685928,216500
2003-10-30,82.279999,82.320000,82.239998,82.290001,63.631783,117500
2003-10-31,82.320000,82.349998,82.279999,82.300003,63.639553,73900
2003-11-03,82.129997,82.169998,82.070000,82.139999,63.601620,378300
2003-11-04,82.150002,82.209999,82.150002,82.199997,63.648121,89900
2003-11-05,82.199997,82.209999,82.080002,82.120003,63.586136,309100
2003-11-06,82.019997,82.059998,82.000000,82.029999,63.516472,120900
2003-11-07,81.919998,81.980003,81.889999,81.959999,63.462284,81900
2003-11-10,82.000000,82.029999,81.910004,81.980003,63.477684,180300
2003-11-11,81.900002,81.989998,81.889999,81.980003,63.477684,167300
2003-11-12,82.010002,82.029999,81.980003,82.029999,63.516472,66200
2003-11-13,82.150002,82.209999,82.099998,82.209999,63.655807,83800
2003-11-14,82.250000,82.309998,82.199997,82.309998,63.733280,110200
2003-11-17,82.339996,82.400002,82.320000,82.360001,63.771976,93000
2003-11-18,82.279999,82.370003,82.250000,82.370003,63.779694,102300
2003-11-19,82.389999,82.400002,82.220001,82.220001,63.663540,125300
2003-11-20,82.379997,82.379997,82.260002,82.379997,63.787445,102200
2003-11-21,82.349998,82.430000,82.330002,82.349998,63.764236,111100
2003-11-24,82.300003,82.309998,82.209999,82.239998,63.679054,99300
2003-11-25,82.269997,82.349998,82.230003,82.330002,63.748737,165400
2003-11-26,82.269997,82.300003,82.199997,82.239998,63.679054,150100
2003-11-28,82.160004,82.160004,82.110001,82.139999,63.601620,57800
2003-12-01,81.940002,81.949997,81.860001,81.919998,63.514771,158100
2003-12-02,81.970001,82.010002,81.870003,82.010002,63.584602,220300
2003-12-03,82.010002,82.050003,81.910004,81.940002,63.530354,254000
2003-12-04,81.980003,82.040001,81.940002,82.019997,63.592331,76600
2003-12-05,82.239998,82.309998,82.180000,82.279999,63.793911,105300
2003-12-08,82.279999,82.279999,82.180000,82.190002,63.724125,110300
2003-12-09,82.260002,82.300003,82.040001,82.139999,63.685368,92300
2003-12-10,82.220001,82.250000,82.150002,82.239998,63.762886,489600
2003-12-11,82.209999,82.430000,82.169998,82.410004,63.894711,214900
2003-12-12,82.449997,82.489998,82.349998,82.389999,63.879215,113700
2003-12-15,82.370003,82.419998,82.300003,82.370003,63.863651,139300
2003-12-16,82.389999,82.419998,82.320000,82.419998,64.163399,107800
2003-12-17,82.480003,82.489998,82.389999,82.430000,64.171181,130900
2003-12-18,82.410004,82.449997,82.330002,82.449997,64.186821,134000
2003-12-19,82.410004,82.500000,82.370003,82.470001,64.202271,97400
2003-12-22,82.500000,82.510002,82.370003,82.419998,64.163399,81700
2003-12-23,82.400002,82.400002,82.269997,82.290001,64.062180,121500
2003-12-24,82.419998,82.480003,82.400002,82.480003,64.210136,97600
2003-12-26,82.529999,82.550003,82.500000,82.550003,64.264610,151300
2003-12-29,82.519997,82.519997,82.430000,82.440002,64.178963,101300
2003-12-30,82.440002,82.529999,82.410004,82.480003,64.210136,97000
2003-12-31,82.389999,82.480003,82.349998,82.470001,64.292755,191000
2004-01-02,82.370003,82.370003,82.199997,82.269997,64.136848,142700
2004-01-05,82.250000,82.279999,82.199997,82.279999,64.144608,272400
2004-01-06,82.290001,82.430000,82.290001,82.379997,64.222534,243500
2004-01-07,82.400002,82.470001,82.370003,82.440002,64.269371,115400
2004-01-08,82.419998,82.459999,82.400002,82.449997,64.277222,104200
2004-01-09,82.629997,82.699997,82.599998,82.650002,64.433090,196600
2004-01-12,82.669998,82.769997,82.639999,82.699997,64.472031,116900
2004-01-13,82.699997,82.800003,82.660004,82.800003,64.550003,160000
2004-01-14,82.750000,82.809998,82.709999,82.720001,64.487610,252400
2004-01-15,82.699997,82.730003,82.660004,82.709999,64.479874,279800
2004-01-16,82.720001,82.760002,82.650002,82.650002,64.433090,111700
2004-01-20,82.669998,82.720001,82.620003,82.690002,64.464264,288600
2004-01-21,82.690002,82.739998,82.669998,82.739998,64.503281,267700
2004-01-22,82.739998,82.800003,82.699997,82.800003,64.550003,237500
2004-01-23,82.800003,82.830002,82.660004,82.680000,64.456459,113100
2004-01-26,82.699997,82.699997,82.620003,82.620003,64.409760,421700
2004-01-27,82.629997,82.739998,82.629997,82.720001,64.487610,137100
2004-01-28,82.739998,82.800003,82.309998,82.510002,64.323936,221000
2004-01-29,82.529999,82.529999,82.419998,82.529999,64.339561,353000
2004-01-30,82.580002,82.589996,82.510002,82.570000,64.370697,108400
2004-02-02,82.459999,82.510002,82.419998,82.480003,64.393356,240100
2004-02-03,82.480003,82.559998,82.480003,82.559998,64.455788,148600
2004-02-04,82.529999,82.550003,82.500000,82.510002,64.416748,94100
2004-02-05,82.529999,82.550003,82.410004,82.449997,64.369980,256600
2004-02-06,82.589996,82.589996,82.540001,82.580002,64.471466,177600
2004-02-09,82.500000,82.610001,82.500000,82.610001,64.494843,96000
2004-02-10,82.570000,82.570000,82.500000,82.500000,64.408966,236500
2004-02-11,82.470001,82.699997,82.470001,82.629997,64.510445,510900
2004-02-12,82.660004,82.680000,82.620003,82.660004,64.533882,167400
2004-02-13,82.720001,82.779999,82.690002,82.779999,64.627586,133900
2004-02-17,82.739998,82.750000,82.690002,82.709999,64.572914,129700
2004-02-18,82.779999,82.779999,82.690002,82.720001,64.580696,122100
2004-02-19,82.699997,82.760002,82.680000,82.760002,64.611969,153200
2004-02-20,82.720001,82.720001,82.639999,82.669998,64.541687,124900
2004-02-23,82.699997,82.760002,82.680000,82.750000,64.604126,133500
2004-02-24,82.760002,82.800003,82.720001,82.760002,64.611969,156300
2004-02-25,82.800003,82.820000,82.760002,82.820000,64.658775,119900
2004-02-26,82.800003,82.820000,82.760002,82.790001,64.635384,227000
2004-02-27,82.800003,82.849998,82.790001,82.849998,64.682213,148600
2004-03-01,82.739998,82.739998,82.650002,82.709999,64.661118,175900
2004-03-02,82.690002,82.690002,82.570000,82.629997,64.598534,218800
2004-03-03,82.550003,82.610001,82.510002,82.570000,64.551659,188400
2004-03-04,82.589996,82.650002,82.540001,82.639999,64.606369,191500
2004-03-05,82.879997,82.889999,82.820000,82.820000,64.747086,451000
2004-03-08,82.940002,82.959999,82.889999,82.949997,64.848686,152600
2004-03-09,82.949997,83.000000,82.910004,83.000000,64.887840,114500
2004-03-10,82.930000,82.989998,82.919998,82.949997,64.848686,251200
2004-03-11,83.019997,83.029999,82.900002,83.019997,64.903458,162900
2004-03-12,83.000000,83.019997,82.930000,82.959999,64.856560,133200
2004-03-15,82.949997,82.970001,82.889999,82.919998,64.825279,141700
2004-03-16,82.919998,83.029999,82.870003,82.980003,64.872192,165600
2004-03-17,83.040001,83.040001,82.970001,82.980003,64.872192,147100
2004-03-18,82.980003,83.019997,82.910004,82.949997,64.848686,455600
2004-03-19,82.980003,83.000000,82.930000,82.980003,64.872192,127500
2004-03-22,82.989998,83.029999,82.970001,83.029999,64.911308,233300
2004-03-23,83.019997,83.050003,83.000000,83.050003,64.926933,208200
2004-03-24,83.059998,83.070000,83.019997,83.070000,64.942528,245900
2004-03-25,83.050003,83.070000,83.000000,83.059998,64.934700,181500
2004-03-26,83.080002,83.080002,82.940002,82.980003,64.872192,344100
2004-03-29,82.870003,82.919998,82.860001,82.919998,64.825279,174200
2004-03-30,82.949997,82.959999,82.879997,82.910004,64.817444,190300
2004-03-31,82.919998,82.989998,82.919998,82.970001,64.864388,179400
2004-04-01,82.830002,82.830002,82.739998,82.750000,64.786057,270900
2004-04-02,82.459999,82.639999,82.419998,82.459999,64.559059,412100
2004-04-05,82.419998,82.430000,82.379997,82.379997,64.496361,291000
2004-04-06,82.440002,82.510002,82.430000,82.480003,64.574669,125900
2004-04-07,82.489998,82.540001,82.459999,82.500000,64.590355,134300
2004-04-08,82.430000,82.510002,82.419998,82.500000,64.590355,146500
2004-04-12,82.419998,82.459999,82.379997,82.419998,64.527725,233600
2004-04-13,82.339996,82.360001,82.269997,82.309998,64.441589,181500
2004-04-14,82.190002,82.209999,82.120003,82.169998,64.332024,291200
2004-04-15,82.220001,82.230003,82.129997,82.220001,64.371124,209300
2004-04-16,82.349998,82.349998,82.279999,82.330002,64.457260,133100
2004-04-19,82.349998,82.349998,82.230003,82.230003,64.378929,438900
2004-04-20,82.250000,82.279999,82.040001,82.040001,64.230202,185400
2004-04-21,82.040001,82.180000,82.040001,82.050003,64.238052,145200
2004-04-22,82.150002,82.169998,82.099998,82.169998,64.332024,334000
2004-04-23,82.089996,82.089996,81.970001,82.000000,64.198906,256800
2004-04-26,82.019997,82.019997,81.970001,82.010002,64.206726,1060700
2004-04-27,82.010002,82.110001,81.989998,82.110001,64.285011,978500
2004-04-28,82.080002,82.080002,81.940002,81.940002,64.151955,229400
2004-04-29,81.970001,82.040001,81.889999,81.930000,64.144081,1179200
2004-04-30,81.989998,82.019997,81.930000,81.970001,64.175346,114700
2004-05-03,81.830002,81.889999,81.809998,81.889999,64.203613,143000
2004-05-04,81.959999,82.040001,81.820000,81.870003,64.187958,248800
2004-05-05,81.959999,81.959999,81.839996,81.839996,64.164444,123400
2004-05-06,81.889999,81.889999,81.779999,81.820000,64.148781,574000
2004-05-07,81.599998,81.599998,81.459999,81.480003,63.882179,733300
2004-05-10,81.599998,81.599998,81.489998,81.519997,63.913555,382200
2004-05-11,81.500000,81.570000,81.320000,81.529999,63.921402,192400
2004-05-12,81.599998,81.599998,81.519997,81.550003,63.937054,260000
2004-05-13,81.500000,81.550003,81.459999,81.510002,63.905739,200200
2004-05-14,81.519997,81.639999,81.519997,81.639999,64.007675,259600
2004-05-17,81.760002,81.760002,81.690002,81.750000,64.093849,206600
2004-05-18,81.709999,81.709999,81.629997,81.669998,64.031143,210500
2004-05-19,81.629997,81.629997,81.559998,81.629997,63.999790,165000
2004-05-20,81.650002,81.720001,81.629997,81.669998,64.031143,102200
2004-05-21,81.750000,81.760002,81.629997,81.669998,64.031143,226400
2004-05-24,81.680000,81.690002,81.620003,81.690002,64.046829,180700
2004-05-25,81.680000,81.739998,81.660004,81.690002,64.046829,158200
2004-05-26,81.720001,81.839996,81.720001,81.839996,64.164444,143800
2004-05-27,81.849998,81.900002,81.820000,81.879997,64.195770,275000
2004-05-28,81.879997,81.879997,81.779999,81.849998,64.172218,153400
2004-06-01,81.629997,81.669998,81.550003,81.610001,64.081200,117700
2004-06-02,81.559998,81.589996,81.510002,81.559998,64.041916,166400
2004-06-03,81.570000,81.599998,81.540001,81.580002,64.057632,158500
2004-06-04,81.540001,81.540001,81.449997,81.449997,63.955513,303000
2004-06-07,81.459999,81.519997,81.419998,81.480003,63.979099,119300
2004-06-08,81.480003,81.489998,81.410004,81.489998,63.986942,184300
2004-06-09,81.440002,81.440002,81.330002,81.360001,63.884857,419300
2004-06-10,81.360001,81.379997,81.290001,81.349998,63.876976,349900
2004-06-14,81.279999,81.279999,81.139999,81.139999,63.712154,141200
2004-06-15,81.330002,81.459999,81.300003,81.410004,63.924126,569800
2004-06-16,81.379997,81.430000,81.349998,81.349998,63.876976,180200
2004-06-17,81.309998,81.449997,81.279999,81.449997,63.955513,181000
2004-06-18,81.430000,81.480003,81.400002,81.400002,63.916279,184000
2004-06-21,81.480003,81.500000,81.440002,81.459999,63.963390,115800
2004-06-22,81.470001,81.500000,81.419998,81.489998,63.986942,101900
2004-06-23,81.459999,81.529999,81.430000,81.510002,64.002678,258200
2004-06-24,81.610001,81.629997,81.540001,81.589996,64.065514,161500
2004-06-25,81.529999,81.599998,81.529999,81.599998,64.073318,252000
2004-06-28,81.510002,81.510002,81.400002,81.410004,63.924126,193700
2004-06-29,81.400002,81.500000,81.389999,81.489998,63.986942,191100
2004-06-30,81.529999,81.709999,81.480003,81.709999,64.159698,130900
2004-07-01,81.489998,81.650002,81.480003,81.580002,64.173103,632000
2004-07-02,81.779999,81.860001,81.730003,81.800003,64.346107,164900
2004-07-06,81.800003,81.800003,81.709999,81.779999,64.330376,203300
2004-07-07,81.809998,81.809998,81.750000,81.790001,64.338303,206500
2004-07-08,81.820000,81.849998,81.779999,81.820000,64.361839,259600
2004-07-09,81.849998,81.860001,81.790001,81.820000,64.361839,250200
2004-07-12,81.879997,81.879997,81.820000,81.849998,64.385399,285500
2004-07-13,81.790001,81.809998,81.730003,81.790001,64.338303,204800
2004-07-14,81.790001,81.800003,81.730003,81.760002,64.314713,99800
2004-07-15,81.750000,81.779999,81.709999,81.760002,64.314713,232400
2004-07-16,81.870003,81.919998,81.830002,81.919998,64.440521,181100
2004-07-19,81.919998,81.919998,81.860001,81.879997,64.409050,178900
2004-07-20,81.820000,81.879997,81.699997,81.730003,64.291069,137500
2004-07-21,81.709999,81.709999,81.629997,81.709999,64.275360,171400
2004-07-22,81.739998,81.760002,81.690002,81.730003,64.291069,117100
2004-07-23,81.760002,81.769997,81.720001,81.730003,64.291069,138700
2004-07-26,81.730003,81.730003,81.650002,81.669998,64.243866,156000
2004-07-27,81.680000,81.690002,81.559998,81.599998,64.188782,117500
2004-07-28,81.589996,81.669998,81.540001,81.650002,64.228149,74400
2004-07-29,81.610001,81.709999,81.610001,81.669998,64.243866,198500
2004-07-30,81.790001,81.820000,81.750000,81.790001,64.338303,102200
2004-08-02,81.720001,81.739998,81.660004,81.709999,64.387871,212200
2004-08-03,81.690002,81.750000,81.650002,81.730003,64.403625,280700
2004-08-04,81.730003,81.779999,81.699997,81.720001,64.395813,82900
2004-08-05,81.760002,81.790001,81.720001,81.769997,64.435173,480600
2004-08-06,82.129997,82.150002,82.019997,82.059998,64.663750,632300
2004-08-09,82.089996,82.089996,82.010002,82.050003,64.655861,212400
2004-08-10,82.050003,82.059998,81.849998,81.849998,64.498253,163000
2004-08-11,81.900002,81.980003,81.889999,81.980003,64.600685,180000
2004-08-12,81.959999,82.010002,81.910004,82.000000,64.616493,110700
2004-08-13,82.070000,82.089996,82.029999,82.080002,64.679466,117100
2004-08-16,82.000000,82.059998,81.970001,82.059998,64.663750,97600
2004-08-17,82.110001,82.139999,82.059998,82.139999,64.726822,197400
2004-08-18,82.190002,82.199997,82.099998,82.120003,64.710976,192000
2004-08-19,82.080002,82.169998,82.080002,82.169998,64.750366,265400
2004-08-20,82.160004,82.169998,82.089996,82.120003,64.710976,132500
2004-08-23,82.080002,82.080002,82.040001,82.050003,64.655861,98600
2004-08-24,82.040001,82.089996,81.989998,82.089996,64.687347,188000
2004-08-25,82.110001,82.139999,82.029999,82.059998,64.663750,114800
2004-08-26,82.099998,82.139999,82.059998,82.139999,64.726822,111400
2004-08-27,82.139999,82.160004,82.089996,82.110001,64.703156,90500
2004-08-30,82.110001,82.160004,82.099998,82.129997,64.718842,66100
2004-08-31,82.180000,82.279999,82.139999,82.250000,64.813446,100200
2004-09-01,82.150002,82.150002,82.040001,82.139999,64.830833,285100
2004-09-02,82.099998,82.099998,82.010002,82.010002,64.728203,133700
2004-09-03,81.940002,81.940002,81.820000,81.900002,64.641418,435400
2004-09-07,81.889999,81.910004,81.849998,81.900002,64.641418,126900
2004-09-08,81.860001,82.050003,81.839996,82.019997,64.736061,86800
2004-09-09,82.050003,82.080002,82.000000,82.029999,64.743988,94500
2004-09-10,82.110001,82.110001,82.029999,82.050003,64.759804,79600
2004-09-13,82.029999,82.070000,82.010002,82.059998,64.767670,87000
2004-09-14,82.000000,82.120003,82.000000,82.080002,64.783417,140200
2004-09-15,82.080002,82.099998,82.019997,82.029999,64.743988,203000
2004-09-16,82.040001,82.199997,82.040001,82.169998,64.854462,341400
2004-09-17,82.169998,82.180000,82.070000,82.070000,64.775558,165600
2004-09-20,82.160004,82.199997,82.110001,82.199997,64.878181,1060900
2004-09-21,82.169998,82.180000,82.050003,82.080002,64.783417,133600
2004-09-22,82.120003,82.169998,82.070000,82.160004,64.846565,153900
2004-09-23,82.209999,82.209999,82.010002,82.059998,64.767670,441400
2004-09-24,82.000000,82.029999,81.949997,82.010002,64.728203,194100
2004-09-27,82.080002,82.089996,82.029999,82.059998,64.767670,105900
2004-09-28,82.099998,82.129997,82.059998,82.110001,64.807144,282800
2004-09-29,82.059998,82.059998,81.980003,82.010002,64.728203,117100
2004-09-30,81.959999,82.050003,81.919998,82.040001,64.751900,228200
2004-10-01,81.879997,81.900002,81.800003,81.849998,64.706047,451800
2004-10-04,81.800003,81.870003,81.800003,81.860001,64.713905,98800
2004-10-05,81.879997,81.900002,81.839996,81.870003,64.721848,168200
2004-10-06,81.889999,81.889999,81.800003,81.800003,64.666496,133600
2004-10-07,81.820000,81.830002,81.739998,81.769997,64.642792,160400
2004-10-08,82.000000,82.019997,81.949997,81.980003,64.808800,137900
2004-10-11,82.019997,82.040001,81.980003,82.040001,64.856255,64800
2004-10-12,82.010002,82.070000,82.010002,82.059998,64.872063,162700
2004-10-13,82.019997,82.120003,82.000000,82.120003,64.919418,130600
2004-10-14,82.129997,82.180000,82.089996,82.139999,64.935303,180400
2004-10-15,82.110001,82.129997,82.000000,82.110001,64.911568,221900
2004-10-18,82.089996,82.120003,82.059998,82.120003,64.919418,149000
2004-10-19,82.029999,82.099998,82.019997,82.089996,64.895760,297400
2004-10-20,82.099998,82.160004,82.089996,82.160004,64.951126,164000
2004-10-21,82.139999,82.169998,82.059998,82.059998,64.872063,161300
2004-10-22,82.099998,82.139999,82.070000,82.139999,64.935303,106700
2004-10-25,82.199997,82.199997,82.139999,82.169998,64.959045,120600
2004-10-26,82.190002,82.190002,82.129997,82.160004,64.951126,121300
2004-10-27,82.160004,82.190002,82.029999,82.050003,64.864151,263400
2004-10-28,82.070000,82.110001,82.010002,82.080002,64.887825,102800
2004-10-29,82.129997,82.150002,82.070000,82.150002,64.943161,181800
2004-11-01,81.989998,82.019997,81.919998,81.959999,64.902016,237800
2004-11-02,81.970001,82.000000,81.900002,82.000000,64.933746,303600
2004-11-03,81.900002,81.989998,81.860001,81.989998,64.925743,232000
2004-11-04,81.959999,82.000000,81.879997,81.919998,64.870338,279700
2004-11-05,81.750000,81.779999,81.690002,81.709999,64.704056,335100
2004-11-08,81.709999,81.720001,81.620003,81.669998,64.672325,224400
2004-11-09,81.730003,81.739998,81.680000,81.730003,64.719864,198700
2004-11-10,81.699997,81.720001,81.620003,81.629997,64.640686,170600
2004-11-11,81.660004,81.730003,81.599998,81.690002,64.688217,121500
2004-11-12,81.690002,81.730003,81.639999,81.669998,64.672325,179500
2004-11-15,81.680000,81.699997,81.610001,81.669998,64.672325,210300
2004-11-16,81.599998,81.650002,81.589996,81.610001,64.624870,143600
2004-11-17,81.660004,81.730003,81.629997,81.730003,64.719864,122300
2004-11-18,81.699997,81.720001,81.650002,81.720001,64.711929,287700
2004-11-19,81.690002,81.699997,81.559998,81.589996,64.609024,209400
2004-11-22,81.620003,81.629997,81.570000,81.610001,64.624870,466700
2004-11-23,81.599998,81.660004,81.550003,81.599998,64.617004,262600
2004-11-24,81.589996,81.620003,81.550003,81.589996,64.609024,184200
2004-11-26,81.510002,81.550003,81.500000,81.510002,64.545692,138700
2004-11-29,81.500000,81.519997,81.470001,81.519997,64.553596,144100
2004-11-30,81.510002,81.599998,81.510002,81.540001,64.569420,398000
2004-12-01,81.519997,81.519997,81.419998,81.449997,64.613068,188300
2004-12-02,81.400002,81.440002,81.339996,81.419998,64.589233,227800
2004-12-03,81.589996,81.639999,81.570000,81.599998,64.732063,418300
2004-12-06,81.580002,81.629997,81.540001,81.610001,64.740013,197200
2004-12-07,81.589996,81.610001,81.510002,81.610001,64.740013,516500
2004-12-08,81.550003,81.669998,81.550003,81.639999,64.763771,141300
2004-12-09,81.639999,81.699997,81.589996,81.629997,64.755821,263600
2004-12-10,81.650002,81.660004,81.599998,81.639999,64.763771,245900
2004-12-13,81.599998,81.639999,81.540001,81.580002,64.716171,237400
2004-12-14,81.589996,81.639999,81.529999,81.599998,64.732063,300400
2004-12-15,81.650002,81.680000,81.610001,81.680000,64.795525,325700
2004-12-16,81.629997,81.669998,81.529999,81.589996,64.724144,326100
2004-12-17,81.519997,81.599998,81.519997,81.559998,64.700302,92700
2004-12-20,81.589996,81.610001,81.510002,81.559998,64.700302,260100
2004-12-21,81.550003,81.580002,81.519997,81.570000,64.708244,283300
2004-12-22,81.570000,81.589996,81.529999,81.570000,64.708244,709900
2004-12-23,81.629997,81.629997,81.540001,81.550003,64.692368,417600
2004-12-27,81.540001,81.570000,81.470001,81.500000,64.652695,142900
2004-12-28,81.510002,81.559998,81.480003,81.529999,64.676521,243500
2004-12-29,81.559998,81.559998,81.480003,81.519997,64.668587,214600
2004-12-30,81.519997,81.589996,81.489998,81.550003,64.692368,208000
2004-12-31,81.449997,81.470001,81.410004,81.430000,64.719467,170600
2005-01-03,81.370003,81.449997,81.370003,81.440002,64.727386,370200
2005-01-04,81.410004,81.419998,81.260002,81.260002,64.584290,425300
2005-01-05,81.260002,81.320000,81.239998,81.279999,64.600227,273500
2005-01-06,81.300003,81.370003,81.300003,81.320000,64.631943,318800
2005-01-07,81.330002,81.339996,81.290001,81.330002,64.639877,142500
2005-01-10,81.320000,81.330002,81.260002,81.279999,64.600227,296100
2005-01-11,81.320000,81.320000,81.269997,81.300003,64.616066,296000
2005-01-12,81.290001,81.370003,81.290001,81.309998,64.624016,126400
2005-01-13,81.370003,81.410004,81.339996,81.410004,64.703560,104500
2005-01-14,81.349998,81.389999,81.279999,81.370003,64.671684,213100
2005-01-18,81.260002,81.339996,81.260002,81.339996,64.647881,167000
2005-01-19,81.339996,81.349998,81.279999,81.349998,64.655815,221700
2005-01-20,81.370003,81.430000,81.339996,81.419998,64.711418,156500
2005-01-21,81.400002,81.500000,81.400002,81.500000,64.775040,188000
2005-01-24,81.489998,81.489998,81.400002,81.449997,64.735298,325700
2005-01-25,81.430000,81.430000,81.360001,81.419998,64.711418,219300
2005-01-26,81.379997,81.440002,81.370003,81.389999,64.687614,114100
2005-01-27,81.370003,81.379997,81.330002,81.370003,64.671684,273700
2005-01-28,81.400002,81.449997,81.389999,81.410004,64.703560,101400
2005-01-31,81.400002,81.410004,81.339996,81.400002,64.695526,179500
2005-02-01,81.239998,81.279999,81.220001,81.250000,64.712288,215200
2005-02-02,81.230003,81.269997,81.199997,81.220001,64.688393,179400
2005-02-03,81.150002,81.199997,81.150002,81.169998,64.648552,270600
2005-02-04,81.250000,81.300003,81.199997,81.250000,64.712288,451400
2005-02-07,81.239998,81.250000,81.190002,81.230003,64.696342,345800
2005-02-08,81.209999,81.230003,81.169998,81.199997,64.672432,154400
2005-02-09,81.239998,81.370003,81.239998,81.349998,64.791901,415000
2005-02-10,81.339996,81.339996,81.260002,81.290001,64.744133,506600
2005-02-11,81.300003,81.320000,81.220001,81.250000,64.712288,298600
2005-02-14,81.250000,81.250000,81.180000,81.209999,64.680382,640800
2005-02-15,81.190002,81.239998,81.190002,81.220001,64.688393,261000
2005-02-16,81.220001,81.260002,81.139999,81.180000,64.656494,163100
2005-02-17,81.180000,81.230003,81.150002,81.220001,64.688393,443800
2005-02-18,81.169998,81.190002,81.099998,81.110001,64.600792,199100
2005-02-22,81.110001,81.169998,81.110001,81.139999,64.624687,177600
2005-02-23,81.139999,81.199997,81.129997,81.129997,64.616737,727500
2005-02-24,81.129997,81.169998,81.080002,81.110001,64.600792,223400
2005-02-25,81.110001,81.110001,81.050003,81.070000,64.568893,595100
2005-02-28,81.059998,81.080002,80.949997,81.019997,64.529099,502900
2005-03-01,80.900002,80.910004,80.820000,80.839996,64.515541,265100
2005-03-02,80.879997,80.930000,80.839996,80.889999,64.555412,390100
2005-03-03,80.930000,80.949997,80.870003,80.919998,64.579407,1341100
2005-03-04,80.980003,80.980003,80.910004,80.919998,64.579407,438000
2005-03-07,80.900002,80.949997,80.879997,80.889999,64.555412,429300
2005-03-08,80.879997,80.889999,80.820000,80.889999,64.555412,242400
2005-03-09,80.820000,80.900002,80.820000,80.860001,64.531487,376400
2005-03-10,80.870003,80.870003,80.790001,80.800003,64.483582,236900
2005-03-11,80.830002,80.830002,80.739998,80.779999,64.467628,758700
2005-03-14,80.779999,80.779999,80.720001,80.750000,64.443680,214900
2005-03-15,80.760002,80.790001,80.720001,80.720001,64.419807,258900
2005-03-16,80.820000,80.879997,80.779999,80.820000,64.499557,376100
2005-03-17,80.879997,80.900002,80.820000,80.849998,64.523506,224400
2005-03-18,80.849998,80.849998,80.800003,80.809998,64.491577,111200
2005-03-21,80.809998,80.860001,80.790001,80.860001,64.531487,1622400
2005-03-22,80.870003,80.919998,80.680000,80.720001,64.419807,1623900
2005-03-23,80.660004,80.720001,80.620003,80.709999,64.411781,216000
2005-03-24,80.709999,80.760002,80.669998,80.730003,64.427826,270500
2005-03-28,80.690002,80.709999,80.650002,80.690002,64.395821,865700
2005-03-29,80.680000,80.750000,80.680000,80.750000,64.443680,263600
2005-03-30,80.709999,80.779999,80.709999,80.760002,64.451729,168300
2005-03-31,80.800003,80.870003,80.790001,80.870003,64.539520,189200
2005-04-01,80.730003,80.769997,80.650002,80.730003,64.579498,779200
2005-04-04,80.720001,80.779999,80.699997,80.730003,64.579498,543700
2005-04-05,80.769997,80.779999,80.709999,80.750000,64.595444,134500
2005-04-06,80.779999,80.830002,80.769997,80.809998,64.643463,175200
2005-04-07,80.839996,80.860001,80.769997,80.779999,64.619453,294200
2005-04-08,80.730003,80.779999,80.720001,80.769997,64.611481,136900
2005-04-11,80.750000,80.800003,80.720001,80.769997,64.611481,208000
2005-04-12,80.750000,80.879997,80.730003,80.820000,64.651497,140300
2005-04-13,80.870003,80.940002,80.849998,80.940002,64.747467,262800
2005-04-14,80.949997,81.040001,80.940002,81.010002,64.803444,163100
2005-04-15,81.080002,81.139999,81.010002,81.139999,64.907440,292000
2005-04-18,81.139999,81.180000,81.080002,81.099998,64.875381,725600
2005-04-19,81.080002,81.220001,81.080002,81.199997,64.955399,1463600
2005-04-20,81.099998,81.199997,81.070000,81.169998,64.931442,496600
2005-04-21,81.110001,81.139999,81.010002,81.029999,64.819466,200900
2005-04-22,81.120003,81.120003,81.029999,81.050003,64.835442,141300
2005-04-25,81.070000,81.070000,81.029999,81.070000,64.851471,315100
2005-04-26,81.080002,81.089996,80.989998,81.050003,64.835442,192400
2005-04-27,81.129997,81.150002,81.059998,81.110001,64.883461,479900
2005-04-28,81.180000,81.209999,81.139999,81.180000,64.939453,273700
2005-04-29,81.150002,81.180000,81.080002,81.099998,64.875381,428400
2005-05-02,80.900002,80.949997,80.870003,80.919998,64.883469,246600
2005-05-03,80.919998,80.980003,80.879997,80.970001,64.923576,303200
2005-05-04,80.980003,81.010002,80.940002,81.000000,64.947609,621300
2005-05-05,81.070000,81.129997,81.000000,81.080002,65.011742,214600
2005-05-06,80.930000,80.940002,80.839996,80.900002,64.867447,213600
2005-05-09,80.860001,80.870003,80.820000,80.860001,64.835403,118700
2005-05-10,80.870003,80.959999,80.860001,80.919998,64.883469,229200
2005-05-11,80.989998,81.029999,80.949997,80.970001,64.923576,92800
2005-05-12,80.959999,81.010002,80.889999,81.010002,64.955620,216200
2005-05-13,81.070000,81.110001,81.029999,81.099998,65.027718,129900
2005-05-16,81.129997,81.129997,81.080002,81.080002,65.011742,129300
2005-05-17,81.120003,81.150002,81.080002,81.080002,65.011742,118800
2005-05-18,81.160004,81.209999,81.120003,81.160004,65.075859,302100
2005-05-19,81.089996,81.139999,81.040001,81.040001,64.979668,200900
2005-05-20,81.080002,81.089996,81.019997,81.040001,64.979668,143500
2005-05-23,81.089996,81.120003,81.059998,81.089996,65.019775,1662900
2005-05-24,81.110001,81.139999,81.089996,81.139999,65.059853,123700
2005-05-25,81.209999,81.209999,81.110001,81.169998,65.083931,228300
2005-05-26,81.129997,81.150002,81.099998,81.139999,65.059853,191400
2005-05-27,81.120003,81.169998,81.110001,81.169998,65.083931,130100
2005-05-31,81.169998,81.239998,81.150002,81.230003,65.131989,164200
2005-06-01,81.029999,81.290001,81.029999,81.199997,65.260559,782400
2005-06-02,81.139999,81.190002,81.120003,81.169998,65.236511,401400
2005-06-03,81.230003,81.230003,81.059998,81.070000,65.156158,180400
2005-06-06,81.099998,81.120003,81.050003,81.110001,65.188309,1264700
2005-06-07,81.150002,81.150002,81.070000,81.129997,65.204346,190000
2005-06-08,81.150002,81.150002,81.080002,81.110001,65.188309,149300
2005-06-09,81.080002,81.080002,81.010002,81.059998,65.148079,338200
2005-06-10,81.010002,81.029999,80.949997,80.989998,65.091850,313900
2005-06-13,81.000000,81.010002,80.949997,80.989998,65.091850,153100
2005-06-14,81.000000,81.010002,80.970001,81.010002,65.107910,264200
2005-06-15,80.989998,81.019997,80.949997,80.989998,65.091850,135000
2005-06-16,80.989998,81.059998,80.959999,81.059998,65.148079,379600
2005-06-17,81.029999,81.059998,81.000000,81.050003,65.140038,887800
2005-06-20,81.019997,81.040001,81.000000,81.029999,65.123993,211600
2005-06-21,81.050003,81.089996,81.019997,81.040001,65.132004,253700
2005-06-22,81.160004,81.220001,81.080002,81.220001,65.276703,274500
2005-06-23,81.190002,81.209999,81.129997,81.190002,65.252571,198300
2005-06-24,81.279999,81.279999,81.209999,81.230003,65.284691,383000
2005-06-27,81.250000,81.269997,81.209999,81.260002,65.308868,144500
2005-06-28,81.199997,81.230003,81.169998,81.169998,65.236511,189000
2005-06-29,81.250000,81.250000,81.150002,81.190002,65.252571,291500
2005-06-30,81.250000,81.260002,81.150002,81.239998,65.292770,474900
2005-07-01,81.010002,81.010002,80.809998,80.830002,65.112358,206400
2005-07-05,80.839996,80.889999,80.809998,80.849998,65.128403,198600
2005-07-06,80.830002,80.900002,80.830002,80.900002,65.168762,130500
2005-07-07,80.989998,81.010002,80.940002,80.970001,65.225098,151400
2005-07-08,80.959999,80.959999,80.860001,80.879997,65.152618,126300
2005-07-11,80.860001,80.860001,80.800003,80.820000,65.104286,1435900
2005-07-12,80.849998,80.870003,80.809998,80.820000,65.104286,168100
2005-07-13,80.830002,80.860001,80.820000,80.830002,65.112358,404800
2005-07-14,80.879997,80.879997,80.809998,80.830002,65.112358,280300
2005-07-15,80.809998,80.870003,80.800003,80.839996,65.120407,299200
2005-07-18,80.830002,80.839996,80.779999,80.820000,65.104286,309300
2005-07-19,80.800003,80.860001,80.779999,80.849998,65.128403,216100
2005-07-20,80.830002,80.879997,80.760002,80.839996,65.120407,196200
2005-07-21,80.800003,80.839996,80.739998,80.760002,65.055923,322600
2005-07-22,80.750000,80.860001,80.750000,80.839996,65.120407,547000
2005-07-25,80.800003,80.849998,80.790001,80.809998,65.096222,191600
2005-07-26,80.820000,80.830002,80.769997,80.790001,65.080139,207200
2005-07-27,80.760002,80.809998,80.760002,80.790001,65.080139,160000
2005-07-28,80.769997,80.820000,80.769997,80.800003,65.088196,359100
2005-07-29,80.800003,80.800003,80.730003,80.750000,65.047859,1124300
2005-08-01,80.580002,80.580002,80.510002,80.519997,65.008308,273300
2005-08-02,80.519997,80.580002,80.500000,80.529999,65.016426,512700
2005-08-03,80.540001,80.589996,80.519997,80.559998,65.040657,253500
2005-08-04,80.559998,80.620003,80.550003,80.559998,65.040657,230700
2005-08-05,80.529999,80.529999,80.449997,80.489998,64.984085,289400
2005-08-08,80.489998,80.489998,80.410004,80.410004,64.919502,156600
2005-08-09,80.410004,80.500000,80.389999,80.500000,64.992126,168100
2005-08-10,80.570000,80.570000,80.470001,80.500000,64.992126,260300
2005-08-11,80.510002,80.599998,80.480003,80.559998,65.040657,177800
2005-08-12,80.589996,80.660004,80.580002,80.660004,65.121361,224900
2005-08-15,80.660004,80.660004,80.580002,80.620003,65.089058,148500
2005-08-16,80.660004,80.699997,80.639999,80.660004,65.121361,252800
2005-08-17,80.669998,80.699997,80.629997,80.680000,65.137550,178400
2005-08-18,80.699997,80.750000,80.669998,80.750000,65.194046,115000
2005-08-19,80.730003,80.739998,80.680000,80.720001,65.169769,218000
2005-08-22,80.699997,80.769997,80.680000,80.730003,65.177933,974800
2005-08-23,80.779999,80.820000,80.760002,80.809998,65.242477,192500
2005-08-24,80.849998,80.849998,80.760002,80.820000,65.250526,145900
2005-08-25,80.830002,80.830002,80.790001,80.809998,65.242477,186200
2005-08-26,80.809998,80.820000,80.730003,80.750000,65.194046,272100
2005-08-29,80.750000,80.809998,80.739998,80.769997,65.210152,183200
2005-08-30,80.809998,80.919998,80.779999,80.889999,65.307053,455500
2005-08-31,80.989998,81.099998,80.930000,81.099998,65.476601,289000
2005-09-01,80.879997,81.070000,80.849998,80.970001,65.555931,624000
2005-09-02,80.949997,81.070000,80.940002,81.070000,65.636879,204400
2005-09-06,80.900002,80.959999,80.849998,80.940002,65.531662,238600
2005-09-07,80.930000,80.930000,80.830002,80.879997,65.483086,887200
2005-09-08,80.919998,80.919998,80.839996,80.839996,65.450691,225800
2005-09-09,80.839996,80.910004,80.830002,80.860001,65.466873,454400
2005-09-12,80.830002,80.839996,80.760002,80.830002,65.442604,157100
2005-09-13,80.849998,80.910004,80.839996,80.879997,65.483086,683300
2005-09-14,80.919998,80.919998,80.849998,80.870003,65.474983,335000
2005-09-15,80.870003,80.930000,80.820000,80.849998,65.458740,347600
2005-09-16,80.879997,80.900002,80.750000,80.790001,65.410194,240800
2005-09-19,80.820000,80.879997,80.769997,80.809998,65.426407,188800
2005-09-20,80.809998,80.839996,80.709999,80.750000,65.377853,284200
2005-09-21,80.860001,80.879997,80.809998,80.830002,65.442604,465100
2005-09-22,80.870003,80.910004,80.830002,80.860001,65.466873,411000
2005-09-23,80.849998,80.870003,80.739998,80.790001,65.410194,131200
2005-09-26,80.660004,80.750000,80.660004,80.730003,65.361687,162800
2005-09-27,80.760002,80.779999,80.650002,80.699997,65.337334,265200
2005-09-28,80.669998,80.750000,80.669998,80.730003,65.361687,243700
2005-09-29,80.709999,80.739998,80.660004,80.699997,65.337334,243900
2005-09-30,80.699997,80.699997,80.589996,80.629997,65.280640,199800
2005-10-03,80.430000,80.430000,80.309998,80.360001,65.251404,212300
2005-10-04,80.410004,80.410004,80.309998,80.349998,65.243301,488400
2005-10-05,80.370003,80.449997,80.370003,80.389999,65.275841,569000
2005-10-06,80.449997,80.449997,80.379997,80.389999,65.275841,333000
2005-10-07,80.400002,80.470001,80.349998,80.449997,65.324501,156100
2005-10-10,80.580002,80.599998,80.430000,80.440002,65.316360,114400
2005-10-11,80.370003,80.430000,80.360001,80.419998,65.300140,215800
2005-10-12,80.430000,80.430000,80.349998,80.360001,65.251404,509100
2005-10-13,80.389999,80.389999,80.330002,80.360001,65.251404,548500
2005-10-14,80.349998,80.430000,80.309998,80.379997,65.267693,340700
2005-10-17,80.400002,80.430000,80.330002,80.339996,65.235222,308200
2005-10-18,80.360001,80.419998,80.360001,80.410004,65.292053,241200
2005-10-19,80.489998,80.489998,80.400002,80.449997,65.324501,575200
2005-10-20,80.410004,80.449997,80.370003,80.449997,65.324501,323600
2005-10-21,80.489998,80.510002,80.449997,80.500000,65.365097,362700
2005-10-24,80.480003,80.489998,80.410004,80.470001,65.340752,277500
2005-10-25,80.419998,80.470001,80.320000,80.330002,65.227074,373200
2005-10-26,80.360001,80.370003,80.269997,80.300003,65.202705,224400
2005-10-27,80.360001,80.400002,80.300003,80.360001,65.251404,307900
2005-10-28,80.400002,80.410004,80.290001,80.360001,65.251404,369900
2005-10-31,80.320000,80.379997,80.300003,80.330002,65.227074,294900
2005-11-01,80.169998,80.180000,80.059998,80.120003,65.245018,639300
2005-11-02,80.120003,80.139999,80.070000,80.110001,65.236855,150800
2005-11-03,80.099998,80.129997,80.029999,80.070000,65.204292,228600
2005-11-04,80.089996,80.110001,80.029999,80.070000,65.204292,174800
2005-11-07,80.089996,80.110001,80.050003,80.059998,65.196152,243500
2005-11-08,80.150002,80.190002,80.120003,80.160004,65.277557,238100
2005-11-09,80.169998,80.169998,80.059998,80.059998,65.196152,199200
2005-11-10,80.150002,80.190002,80.099998,80.169998,65.285706,291600
2005-11-11,80.110001,80.239998,80.099998,80.199997,65.310135,211600
2005-11-14,80.180000,80.180000,80.080002,80.080002,65.212440,448500
2005-11-15,80.139999,80.199997,80.099998,80.139999,65.261261,249700
2005-11-16,80.199997,80.279999,80.190002,80.239998,65.342674,328700
2005-11-17,80.209999,80.349998,80.209999,80.309998,65.399673,456400
2005-11-18,80.250000,80.330002,80.250000,80.309998,65.399673,206400
2005-11-21,80.349998,80.389999,80.300003,80.360001,65.440414,255300
2005-11-22,80.370003,80.489998,80.330002,80.470001,65.529991,1358500
2005-11-23,80.470001,80.470001,80.339996,80.370003,65.448540,238400
2005-11-25,80.410004,80.470001,80.410004,80.440002,65.505562,85700
2005-11-28,80.449997,80.489998,80.419998,80.459999,65.521873,214400
2005-11-29,80.480003,80.480003,80.360001,80.400002,65.473000,175900
2005-11-30,80.400002,80.440002,80.349998,80.410004,65.481155,219800
2005-12-01,80.129997,80.169998,80.080002,80.099998,65.416603,745500
2005-12-02,80.139999,80.169998,80.110001,80.169998,65.473778,449400
2005-12-05,80.129997,80.150002,80.070000,80.080002,65.400291,1608600
2005-12-06,80.150002,80.230003,80.120003,80.190002,65.490158,260100
2005-12-07,80.220001,80.239998,80.180000,80.199997,65.498291,317400
2005-12-08,80.279999,80.330002,80.250000,80.300003,65.579964,155300
2005-12-09,80.269997,80.290001,80.209999,80.220001,65.514595,869500
2005-12-12,80.260002,80.260002,80.160004,80.209999,65.506485,1200500
2005-12-13,80.230003,80.309998,80.209999,80.250000,65.539101,354600
2005-12-14,80.320000,80.379997,80.300003,80.339996,65.612633,368200
2005-12-15,80.339996,80.360001,80.269997,80.339996,65.612633,420900
2005-12-16,80.410004,80.419998,80.339996,80.389999,65.653450,161500
2005-12-19,80.309998,80.400002,80.309998,80.339996,65.612633,182100
2005-12-20,80.360001,80.360001,80.290001,80.330002,65.604431,389300
2005-12-21,80.360001,80.360001,80.290001,80.330002,65.604431,363400
2005-12-22,80.379997,80.430000,80.339996,80.400002,65.661636,1288100
2005-12-23,80.370003,80.500000,80.349998,80.440002,65.694298,196100
2005-12-27,80.389999,80.510002,80.389999,80.449997,65.702423,552500
2005-12-28,80.290001,80.320000,80.199997,80.300003,65.783569,401000
2005-12-29,80.269997,80.269997,80.169998,80.239998,65.734436,418800
2005-12-30,80.220001,80.279999,80.169998,80.209999,65.709869,410400
2006-01-03,80.169998,80.349998,80.169998,80.320000,65.799950,1075400
2006-01-04,80.300003,80.400002,80.290001,80.400002,65.865501,345500
2006-01-05,80.320000,80.400002,80.320000,80.330002,65.808113,274400
2006-01-06,80.309998,80.360001,80.300003,80.349998,65.824516,500200
2006-01-09,80.349998,80.360001,80.300003,80.360001,65.832710,351500
2006-01-10,80.279999,80.330002,80.269997,80.279999,65.767166,406000
2006-01-11,80.300003,80.360001,80.250000,80.279999,65.767166,484700
2006-01-12,80.309998,80.370003,80.279999,80.320000,65.799950,450600
2006-01-13,80.400002,80.480003,80.370003,80.480003,65.931015,226500
2006-01-17,80.449997,80.459999,80.400002,80.449997,65.906410,447900
2006-01-18,80.459999,80.500000,80.419998,80.440002,65.898254,393200
2006-01-19,80.449997,80.459999,80.400002,80.449997,65.906410,588600
2006-01-20,80.410004,80.489998,80.389999,80.480003,65.931015,383900
2006-01-23,80.440002,80.500000,80.400002,80.489998,65.939217,565500
2006-01-24,80.480003,80.480003,80.419998,80.470001,65.922844,227300
2006-01-25,80.470001,80.470001,80.360001,80.360001,65.832710,244600
2006-01-26,80.330002,80.370003,80.300003,80.370003,65.840942,220000
2006-01-27,80.410004,80.410004,80.300003,80.309998,65.791756,362800
2006-01-30,80.339996,80.360001,80.290001,80.349998,65.824516,204100
2006-01-31,80.320000,80.379997,80.300003,80.349998,65.824516,256400
2006-02-01,80.070000,80.099998,80.000000,80.029999,65.764534,950100
2006-02-02,80.070000,80.070000,79.989998,80.029999,65.764534,435200
2006-02-03,80.000000,80.070000,79.959999,80.070000,65.797424,250800
2006-02-06,80.050003,80.050003,80.000000,80.029999,65.764534,192800
2006-02-07,80.050003,80.050003,79.970001,80.040001,65.772751,195800
2006-02-08,80.070000,80.070000,79.989998,80.010002,65.748093,334300
2006-02-09,80.059998,80.059998,79.959999,79.989998,65.731697,226500
2006-02-10,80.070000,80.070000,79.930000,79.930000,65.682350,610800
2006-02-13,80.010002,80.019997,79.959999,79.989998,65.731697,159200
2006-02-14,79.940002,80.000000,79.919998,79.989998,65.731697,296100
2006-02-15,80.059998,80.059998,79.959999,79.980003,65.723488,435800
2006-02-16,80.019997,80.050003,79.980003,80.040001,65.772751,167200
2006-02-17,80.089996,80.110001,80.040001,80.099998,65.822075,353400
2006-02-21,80.040001,80.080002,80.010002,80.040001,65.772751,11045800
2006-02-22,80.089996,80.099998,80.040001,80.099998,65.822075,230700
2006-02-23,80.080002,80.089996,80.010002,80.029999,65.764534,288200
2006-02-24,80.070000,80.099998,80.019997,80.059998,65.789253,282600
2006-02-27,80.089996,80.099998,80.010002,80.019997,65.756332,216200
2006-02-28,80.089996,80.150002,80.080002,80.129997,65.846680,270800
2006-03-01,79.900002,79.940002,79.809998,79.809998,65.812920,556600
2006-03-02,79.870003,79.870003,79.779999,79.839996,65.837700,207300
2006-03-03,79.839996,79.839996,79.739998,79.760002,65.771698,251000
2006-03-06,79.800003,79.809998,79.750000,79.790001,65.796394,797100
2006-03-07,79.739998,79.790001,79.720001,79.790001,65.796394,276800
2006-03-08,79.809998,79.849998,79.760002,79.839996,65.837700,865100
2006-03-09,79.839996,79.870003,79.800003,79.870003,65.862419,785800
2006-03-10,79.830002,79.830002,79.760002,79.790001,65.796394,153300
2006-03-13,79.830002,79.830002,79.779999,79.790001,65.796394,168200
2006-03-14,79.800003,79.959999,79.800003,79.949997,65.928368,556900
2006-03-15,79.919998,79.980003,79.910004,79.970001,65.944855,161900
2006-03-16,80.000000,80.129997,79.970001,80.110001,66.060303,522100
2006-03-17,80.089996,80.110001,80.019997,80.080002,66.035599,362600
2006-03-20,80.099998,80.120003,80.070000,80.120003,66.068520,421400
2006-03-21,80.010002,80.059998,79.949997,79.980003,65.953140,195500
2006-03-22,80.010002,80.050003,79.970001,80.000000,65.969574,440000
2006-03-23,80.019997,80.040001,79.949997,79.980003,65.953140,673000
2006-03-24,80.000000,80.110001,79.959999,80.089996,66.043793,165200
2006-03-27,80.070000,80.080002,80.000000,80.070000,66.027328,136700
2006-03-28,80.059998,80.089996,79.980003,80.000000,65.969574,716500
2006-03-29,79.970001,80.010002,79.949997,80.000000,65.969574,586800
2006-03-30,79.989998,80.000000,79.900002,79.959999,65.936577,554600
2006-03-31,79.989998,80.010002,79.949997,79.989998,65.961365,333900
2006-04-03,79.620003,79.709999,79.589996,79.680000,65.924934,526700
2006-04-04,79.709999,79.750000,79.660004,79.739998,65.974586,313800
2006-04-05,79.809998,79.809998,79.739998,79.750000,65.982880,1029300
2006-04-06,79.779999,79.790001,79.709999,79.739998,65.974586,3739500
2006-04-07,79.739998,79.739998,79.650002,79.690002,65.933228,230300
2006-04-10,79.699997,79.709999,79.660004,79.709999,65.949730,1151000
2006-04-11,79.750000,79.779999,79.699997,79.779999,66.007690,397600
2006-04-12,79.800003,79.800003,79.709999,79.730003,65.966293,511800
2006-04-13,79.750000,79.750000,79.650002,79.720001,65.958069,376500
2006-04-17,79.750000,79.769997,79.690002,79.769997,65.999382,702100
2006-04-18,79.779999,79.919998,79.769997,79.879997,66.090424,3043100
2006-04-19,79.760002,79.860001,79.760002,79.860001,66.073799,694600
2006-04-20,79.849998,79.849998,79.800003,79.830002,66.049011,447300
2006-04-21,79.860001,79.860001,79.800003,79.830002,66.049011,385400
2006-04-24,79.849998,79.900002,79.820000,79.870003,66.082184,242500
2006-04-25,79.870003,79.870003,79.750000,79.809998,66.032509,344100
2006-04-26,79.809998,79.809998,79.730003,79.750000,65.982880,284200
2006-04-27,79.709999,79.900002,79.709999,79.879997,66.090424,492600
2006-04-28,79.919998,79.959999,79.870003,79.900002,66.106995,207000
2006-05-01,79.650002,79.660004,79.529999,79.589996,66.067940,277700
2006-05-02,79.589996,79.639999,79.540001,79.599998,66.076210,445700
2006-05-03,79.639999,79.650002,79.570000,79.599998,66.076210,1665200
2006-05-04,79.550003,79.629997,79.550003,79.610001,66.084534,397400
2006-05-05,79.589996,79.669998,79.589996,79.629997,66.101143,376800
2006-05-08,79.639999,79.650002,79.570000,79.620003,66.092880,281500
2006-05-09,79.559998,79.639999,79.559998,79.629997,66.101143,233800
2006-05-10,79.629997,79.769997,79.550003,79.629997,66.101143,454100
2006-05-11,79.639999,79.660004,79.589996,79.660004,66.126045,343300
2006-05-12,79.660004,79.669998,79.580002,79.629997,66.101143,2040900
2006-05-15,79.669998,79.690002,79.620003,79.669998,66.134338,350900
2006-05-16,79.699997,79.750000,79.650002,79.739998,66.192490,607600
2006-05-17,79.709999,79.730003,79.629997,79.699997,66.159210,463200
2006-05-18,79.720001,79.820000,79.720001,79.779999,66.225677,491400
2006-05-19,79.790001,79.820000,79.730003,79.760002,66.209045,353000
2006-05-22,79.779999,79.849998,79.750000,79.760002,66.209045,543600
2006-05-23,79.800003,79.809998,79.709999,79.809998,66.250595,307400
2006-05-24,79.889999,79.889999,79.800003,79.860001,66.292030,298000
2006-05-25,79.910004,79.910004,79.830002,79.860001,66.292030,603700
2006-05-26,79.860001,79.949997,79.849998,79.889999,66.316971,1221300
2006-05-30,79.849998,79.889999,79.820000,79.830002,66.267143,977400
2006-05-31,79.889999,79.900002,79.769997,79.769997,66.217346,412200
2006-06-01,79.559998,79.629997,79.500000,79.599998,66.298988,1356100
2006-06-02,79.730003,79.750000,79.660004,79.720001,66.398972,1762200
2006-06-05,79.680000,79.730003,79.620003,79.650002,66.340637,325800
2006-06-06,79.650002,79.669998,79.599998,79.650002,66.340637,195800
2006-06-07,79.589996,79.650002,79.589996,79.599998,66.298988,256700
2006-06-08,79.669998,79.739998,79.599998,79.690002,66.373917,772000
2006-06-09,79.680000,79.709999,79.620003,79.690002,66.373917,689600
2006-06-12,79.680000,79.709999,79.650002,79.699997,66.382256,1695900
2006-06-13,79.669998,79.730003,79.650002,79.680000,66.365646,322200
2006-06-14,79.629997,79.639999,79.550003,79.599998,66.298988,507600
2006-06-15,79.519997,79.599998,79.510002,79.580002,66.282341,1066600
2006-06-16,79.519997,79.580002,79.489998,79.540001,66.248970,357700
2006-06-19,79.519997,79.529999,79.480003,79.510002,66.224045,286100
2006-06-20,79.500000,79.519997,79.470001,79.500000,66.215691,460500
2006-06-21,79.559998,79.559998,79.489998,79.519997,66.232330,1958400
2006-06-22,79.510002,79.510002,79.440002,79.480003,66.199043,323000
2006-06-23,79.500000,79.500000,79.419998,79.459999,66.182404,322900
2006-06-26,79.489998,79.489998,79.430000,79.470001,66.190727,230200
2006-06-27,79.500000,79.550003,79.480003,79.519997,66.232330,1816700
2006-06-28,79.529999,79.529999,79.430000,79.480003,66.199043,378200
2006-06-29,79.470001,79.629997,79.470001,79.620003,66.315651,557000
2006-06-30,79.599998,79.699997,79.599998,79.690002,66.373917,1242600
2006-07-03,79.309998,79.419998,79.300003,79.400002,66.363907,916000
2006-07-05,79.370003,79.379997,79.260002,79.330002,66.305382,2003600
2006-07-06,79.320000,79.389999,79.300003,79.389999,66.355560,1200600
2006-07-07,79.430000,79.449997,79.370003,79.449997,66.405746,476800
2006-07-10,79.449997,79.459999,79.400002,79.449997,66.405746,667700
2006-07-11,79.480003,79.500000,79.440002,79.449997,66.405746,305600
2006-07-12,79.440002,79.489998,79.419998,79.480003,66.430771,2930100
2006-07-13,79.529999,79.580002,79.459999,79.580002,66.514351,456800
2006-07-14,79.599998,79.639999,79.540001,79.589996,66.522713,333800
2006-07-17,79.529999,79.610001,79.529999,79.580002,66.514351,792500
2006-07-18,79.519997,79.570000,79.480003,79.519997,66.464195,823300
2006-07-19,79.430000,79.650002,79.430000,79.629997,66.556152,594000
2006-07-20,79.589996,79.730003,79.589996,79.730003,66.639748,386300
2006-07-21,79.800003,79.800003,79.669998,79.709999,66.623016,1209200
2006-07-24,79.730003,79.769997,79.690002,79.709999,66.623016,161200
2006-07-25,79.730003,79.739998,79.650002,79.690002,66.606300,255000
2006-07-26,79.739998,79.820000,79.699997,79.790001,66.689896,872800
2006-07-27,79.800003,79.870003,79.800003,79.830002,66.723282,724900
2006-07-28,79.849998,79.949997,79.849998,79.930000,66.806908,500800
2006-07-31,79.959999,79.980003,79.919998,79.940002,66.815277,401900
2006-08-01,79.690002,79.720001,79.650002,79.699997,66.856323,202700
2006-08-02,79.699997,79.750000,79.669998,79.699997,66.856323,302400
2006-08-03,79.720001,79.730003,79.650002,79.690002,66.847984,249400
2006-08-04,79.750000,79.839996,79.739998,79.760002,66.906708,681400
2006-08-07,79.769997,79.800003,79.750000,79.790001,66.931900,342700
2006-08-08,79.779999,79.849998,79.720001,79.830002,66.965385,464800
2006-08-09,79.839996,79.870003,79.800003,79.860001,66.990547,499900
2006-08-10,79.870003,79.879997,79.800003,79.839996,66.973808,238600
2006-08-11,79.809998,79.820000,79.739998,79.769997,66.915039,224100
2006-08-14,79.779999,79.790001,79.709999,79.730003,66.881546,351600
2006-08-15,79.839996,79.849998,79.800003,79.839996,66.973808,356800
2006-08-16,79.940002,79.980003,79.910004,79.970001,67.082870,654800
2006-08-17,79.959999,79.980003,79.919998,79.959999,67.074440,262500
2006-08-18,79.980003,80.000000,79.949997,79.989998,67.099640,252900
2006-08-21,80.029999,80.040001,79.980003,80.040001,67.141548,294200
2006-08-22,80.040001,80.059998,80.000000,80.029999,67.133179,276500
2006-08-23,80.019997,80.040001,79.989998,80.010002,67.116356,389100
2006-08-24,80.029999,80.059998,80.019997,80.059998,67.158333,315800
2006-08-25,80.070000,80.099998,80.029999,80.080002,67.175102,287700
2006-08-28,80.089996,80.099998,80.050003,80.099998,67.191856,210100
2006-08-29,80.080002,80.129997,80.010002,80.129997,67.217064,419000
2006-08-30,80.129997,80.180000,80.129997,80.180000,67.259010,153400
2006-08-31,80.220001,80.260002,80.169998,80.250000,67.317719,290200
2006-09-01,79.959999,80.099998,79.940002,80.050003,67.394379,312800
2006-09-05,80.000000,80.000000,79.919998,79.959999,67.318527,369900
2006-09-06,79.949997,79.959999,79.889999,79.959999,67.318527,398200
2006-09-07,79.970001,79.980003,79.919998,79.959999,67.318527,556300
2006-09-08,80.000000,80.040001,79.980003,80.010002,67.360626,491500
2006-09-11,80.029999,80.029999,79.949997,80.000000,67.352234,371900
2006-09-12,79.970001,80.040001,79.949997,80.040001,67.385941,262500
2006-09-13,80.040001,80.089996,80.010002,80.050003,67.394379,266300
2006-09-14,80.059998,80.080002,79.980003,79.980003,67.335426,560200
2006-09-15,80.080002,80.080002,79.949997,80.010002,67.360626,682900
2006-09-18,79.970001,80.000000,79.900002,80.000000,67.352234,177000
2006-09-19,80.099998,80.120003,80.029999,80.110001,67.444893,729500
2006-09-20,80.160004,80.199997,80.080002,80.139999,67.470123,645500
2006-09-21,80.160004,80.300003,80.099998,80.279999,67.587975,574400
2006-09-22,80.330002,80.330002,80.279999,80.320000,67.621658,841000
2006-09-25,80.389999,80.410004,80.330002,80.389999,67.680611,382000
2006-09-26,80.400002,80.400002,80.290001,80.300003,67.604836,497800
2006-09-27,80.410004,80.430000,80.309998,80.360001,67.655319,828800
2006-09-28,80.389999,80.389999,80.290001,80.389999,67.680611,766900
2006-09-29,80.400002,80.410004,80.290001,80.309998,67.613243,289900
2006-10-02,80.099998,80.129997,80.010002,80.110001,67.692688,486500
2006-10-03,80.139999,80.160004,80.080002,80.120003,67.701126,384800
2006-10-04,80.190002,80.279999,80.160004,80.260002,67.819397,438300
2006-10-05,80.269997,80.269997,80.129997,80.180000,67.751831,409000
2006-10-06,80.150002,80.150002,80.000000,80.080002,67.667290,1015600
2006-10-09,80.129997,80.150002,80.029999,80.089996,67.675735,202800
2006-10-10,80.050003,80.059998,79.949997,79.980003,67.582817,296500
2006-10-11,80.019997,80.059998,79.900002,79.970001,67.574364,327300
2006-10-12,79.949997,80.029999,79.949997,80.010002,67.608131,1874600
2006-10-13,79.989998,79.989998,79.940002,79.980003,67.582817,532800
2006-10-16,79.930000,80.019997,79.930000,80.019997,67.616615,524200
2006-10-17,80.070000,80.080002,79.989998,80.029999,67.625053,391900
2006-10-18,80.040001,80.059998,79.989998,80.040001,67.633530,309300
2006-10-19,80.050003,80.059998,79.989998,80.029999,67.625053,817100
2006-10-20,80.059998,80.059998,80.010002,80.059998,67.650429,542100
2006-10-23,80.019997,80.019997,79.970001,80.019997,67.616615,219900
2006-10-24,80.010002,80.029999,79.980003,80.019997,67.616615,321400
2006-10-25,80.050003,80.129997,79.980003,80.110001,67.692688,1177200
2006-10-26,80.180000,80.220001,80.120003,80.209999,67.777153,1000200
2006-10-27,80.290001,80.300003,80.230003,80.290001,67.844757,612700
2006-10-30,80.220001,80.269997,80.220001,80.239998,67.802536,281400
2006-10-31,80.239998,80.349998,80.239998,80.349998,67.895462,471700
2006-11-01,80.089996,80.190002,80.040001,80.110001,67.943832,745900
2006-11-02,80.150002,80.150002,80.080002,80.089996,67.926819,287800
2006-11-03,79.989998,80.000000,79.900002,79.940002,67.799667,572800
2006-11-06,79.919998,79.949997,79.889999,79.930000,67.791115,362700
2006-11-07,80.029999,80.050003,79.989998,80.029999,67.875946,150500
2006-11-08,80.050003,80.080002,80.010002,80.070000,67.909920,406800
2006-11-09,80.099998,80.099998,80.040001,80.059998,67.901405,1603400
2006-11-10,80.129997,80.139999,80.080002,80.120003,67.952309,236500
2006-11-13,80.129997,80.129997,80.050003,80.120003,67.952309,785200
2006-11-14,80.190002,80.190002,80.110001,80.129997,67.960800,391800
2006-11-15,80.129997,80.139999,80.050003,80.080002,67.918327,277400
2006-11-16,80.099998,80.150002,80.019997,80.050003,67.892952,3239700
2006-11-17,80.120003,80.190002,80.099998,80.150002,67.977753,464300
2006-11-20,80.110001,80.190002,80.110001,80.169998,67.994690,309600
2006-11-21,80.190002,80.209999,80.139999,80.190002,68.011681,394500
2006-11-22,80.279999,80.279999,80.180000,80.250000,68.062538,281500
2006-11-24,80.239998,80.320000,80.220001,80.260002,68.071007,271100
2006-11-27,80.269997,80.330002,80.190002,80.309998,68.113449,370300
2006-11-28,80.339996,80.379997,80.300003,80.349998,68.147354,405700
2006-11-29,80.400002,80.410004,80.339996,80.349998,68.147354,357100
2006-11-30,80.410004,80.449997,80.379997,80.440002,68.223694,855400
2006-12-01,80.220001,80.349998,80.160004,80.309998,68.357323,241800
2006-12-04,80.309998,80.330002,80.269997,80.300003,68.348808,276800
2006-12-05,80.320000,80.370003,80.220001,80.300003,68.348808,3681300
2006-12-06,80.330002,80.330002,80.260002,80.290001,68.340294,1438800
2006-12-07,80.300003,80.309998,80.260002,80.269997,68.323273,1203900
2006-12-08,80.279999,80.279999,80.160004,80.169998,68.238190,471200
2006-12-11,80.220001,80.239998,80.169998,80.180000,68.246666,523800
2006-12-12,80.230003,80.300003,80.209999,80.290001,68.340294,267500
2006-12-13,80.199997,80.230003,80.150002,80.180000,68.246666,322000
2006-12-14,80.190002,80.190002,80.120003,80.139999,68.212654,1122100
2006-12-15,80.290001,80.300003,80.150002,80.169998,68.238190,889400
2006-12-18,80.180000,80.190002,80.139999,80.169998,68.238190,1125500
2006-12-19,80.169998,80.209999,80.160004,80.180000,68.246666,261800
2006-12-20,80.220001,80.239998,80.190002,80.230003,68.289268,593100
2006-12-21,80.250000,80.339996,80.199997,80.290001,68.340294,1347900
2006-12-22,80.250000,80.320000,80.209999,80.279999,68.331795,1097100
2006-12-26,80.309998,80.309998,80.230003,80.279999,68.331795,1254300
2006-12-27,80.059998,80.059998,79.970001,79.989998,68.294212,547400
2006-12-28,80.019997,80.029999,79.900002,79.940002,68.251541,689900
2006-12-29,79.910004,79.970001,79.900002,79.959999,68.268608,898300
2007-01-03,80.000000,80.089996,79.959999,80.040001,68.336876,1245700
2007-01-04,80.070000,80.120003,80.040001,80.120003,68.405228,500200
2007-01-05,80.019997,80.070000,79.980003,80.070000,68.362541,261300
2007-01-08,80.059998,80.059998,80.019997,80.019997,68.319824,267000
2007-01-09,80.050003,80.070000,80.010002,80.050003,68.345459,674500
2007-01-10,80.080002,80.080002,80.019997,80.029999,68.328423,286300
2007-01-11,80.000000,80.029999,79.949997,79.970001,68.277138,685200
2007-01-12,80.000000,80.000000,79.900002,79.919998,68.234444,258200
2007-01-16,79.980003,80.029999,79.750000,80.000000,68.302773,422500
2007-01-17,80.000000,80.019997,79.940002,79.970001,68.277138,621300
2007-01-18,79.970001,80.019997,79.940002,80.000000,68.302773,611400
2007-01-19,80.010002,80.019997,79.959999,79.989998,68.294212,412500
2007-01-22,80.010002,80.019997,79.970001,80.019997,68.319824,301300
2007-01-23,80.010002,80.010002,79.949997,79.980003,68.285698,318600
2007-01-24,79.980003,80.199997,79.970001,80.019997,68.319824,529300
2007-01-25,80.000000,80.000000,79.919998,79.959999,68.268608,708800
2007-01-26,79.949997,80.010002,79.930000,79.970001,68.277138,502500
2007-01-29,79.989998,80.029999,79.940002,79.980003,68.285698,877600
2007-01-30,80.000000,80.019997,79.970001,80.000000,68.302773,297900
2007-01-31,79.989998,80.089996,79.989998,80.089996,68.379623,526800
2007-02-01,79.879997,79.879997,79.750000,79.779999,68.371002,520400
2007-02-02,79.809998,79.820000,79.760002,79.809998,68.396729,303900
2007-02-05,79.820000,79.849998,79.779999,79.790001,68.379646,758800
2007-02-06,79.830002,79.889999,79.800003,79.879997,68.456734,296300
2007-02-07,79.900002,79.949997,79.889999,79.919998,68.491013,1107600
2007-02-08,79.930000,79.959999,79.900002,79.949997,68.516747,217200
2007-02-09,79.910004,79.919998,79.860001,79.870003,68.448143,437300
2007-02-12,79.870003,79.910004,79.849998,79.870003,68.448143,534200
2007-02-13,79.910004,79.910004,79.860001,79.860001,68.439590,689500
2007-02-14,79.930000,80.050003,79.930000,80.040001,68.593842,596200
2007-02-15,80.099998,80.110001,80.059998,80.080002,68.628128,435900
2007-02-16,80.089996,80.129997,80.050003,80.099998,68.645279,344200
2007-02-20,80.080002,80.129997,80.080002,80.089996,68.636719,258100
2007-02-21,80.089996,80.139999,80.089996,80.139999,68.679543,223400
2007-02-22,80.110001,80.120003,80.050003,80.089996,68.636719,250200
2007-02-23,80.129997,80.190002,80.110001,80.180000,68.713821,380300
2007-02-26,80.199997,80.250000,80.190002,80.239998,68.765274,462800
2007-02-27,80.279999,80.500000,80.239998,80.430000,68.928093,1362900
2007-02-28,80.440002,80.470001,80.320000,80.370003,68.876678,666500
2007-03-01,80.199997,80.279999,80.129997,80.209999,68.972107,1002300
2007-03-02,80.250000,80.320000,80.230003,80.300003,69.049507,974400
2007-03-05,80.370003,80.370003,80.239998,80.330002,69.075272,1420400
2007-03-06,80.239998,80.339996,80.199997,80.260002,69.015144,512300
2007-03-07,80.290001,80.360001,80.250000,80.339996,69.083916,387000
2007-03-08,80.300003,80.349998,80.260002,80.339996,69.083916,365500
2007-03-09,80.190002,80.220001,80.150002,80.199997,68.963562,555100
2007-03-12,80.239998,80.290001,80.220001,80.269997,69.023689,361900
2007-03-13,80.379997,80.419998,80.330002,80.379997,69.118248,887300
2007-03-14,80.349998,80.470001,80.349998,80.400002,69.135506,622800
2007-03-15,80.379997,80.389999,80.339996,80.379997,69.118248,598600
2007-03-16,80.330002,80.379997,80.309998,80.370003,69.109695,842300
2007-03-19,80.320000,80.320000,80.279999,80.300003,69.049507,238500
2007-03-20,80.400002,80.400002,80.339996,80.370003,69.109695,619300
2007-03-21,80.360001,80.510002,80.339996,80.500000,69.221497,414300
2007-03-22,80.449997,80.489998,80.379997,80.419998,69.152664,382000
2007-03-23,80.440002,80.480003,80.360001,80.370003,69.109695,288700
2007-03-26,80.410004,80.480003,80.360001,80.449997,69.178452,524300
2007-03-27,80.440002,80.480003,80.410004,80.459999,69.187080,427900
2007-03-28,80.500000,80.599998,80.489998,80.500000,69.221497,429300
2007-03-29,80.480003,80.480003,80.430000,80.459999,69.187080,335200
2007-03-30,80.470001,80.570000,80.370003,80.459999,69.187080,464700
2007-04-02,80.169998,80.190002,80.120003,80.180000,69.200035,313900
2007-04-03,80.160004,80.199997,80.120003,80.180000,69.200035,419100
2007-04-04,80.209999,80.250000,80.169998,80.230003,69.243164,405300
2007-04-05,80.199997,80.230003,80.150002,80.199997,69.217316,271900
2007-04-09,80.040001,80.059998,80.010002,80.019997,69.061974,356200
2007-04-10,80.070000,80.139999,80.059998,80.120003,69.148270,780300
2007-04-11,80.160004,80.180000,80.059998,80.120003,69.148270,773900
2007-04-12,80.099998,80.120003,80.029999,80.110001,69.139648,374300
2007-04-13,80.110001,80.139999,80.019997,80.070000,69.105103,261100
2007-04-16,80.099998,80.129997,80.050003,80.059998,69.096474,285500
2007-04-17,80.169998,80.199997,80.129997,80.190002,69.208664,398000
2007-04-18,80.239998,80.300003,80.230003,80.300003,69.303612,977800
2007-04-19,80.300003,80.339996,80.260002,80.300003,69.303612,223200
2007-04-20,80.260002,80.300003,80.230003,80.279999,69.286331,293200
2007-04-23,80.290001,80.349998,80.099998,80.339996,69.338112,1900700
2007-04-24,80.330002,80.410004,80.320000,80.410004,69.398521,264000
2007-04-25,80.379997,80.410004,80.360001,80.379997,69.372612,847200
2007-04-26,80.379997,80.379997,80.279999,80.320000,69.320900,1356200
2007-04-27,80.360001,80.370003,80.300003,80.349998,69.346756,267400
2007-04-30,80.360001,80.449997,80.349998,80.410004,69.398521,266000
2007-05-01,80.190002,80.199997,80.070000,80.089996,69.369080,352500
2007-05-02,80.129997,80.150002,80.080002,80.129997,69.403725,240900
2007-05-03,80.089996,80.110001,80.040001,80.070000,69.351753,301300
2007-05-04,80.120003,80.139999,80.089996,80.110001,69.386452,272600
2007-05-07,80.120003,80.150002,80.099998,80.110001,69.386452,917000
2007-05-08,80.150002,80.169998,80.110001,80.150002,69.421089,311100
2007-05-09,80.150002,80.180000,80.080002,80.089996,69.369080,547900
2007-05-10,80.110001,80.160004,80.099998,80.160004,69.429688,458000
2007-05-11,80.220001,80.220001,80.089996,80.129997,69.403725,1229700
2007-05-14,80.129997,80.150002,80.070000,80.070000,69.351753,280100
2007-05-15,80.150002,80.160004,80.080002,80.089996,69.369080,947000
2007-05-16,80.139999,80.190002,80.040001,80.169998,69.438385,1348000
2007-05-17,80.139999,80.150002,80.089996,80.120003,69.395058,394500
2007-05-18,80.099998,80.099998,80.029999,80.040001,69.325775,859700
2007-05-21,80.040001,80.110001,80.040001,80.059998,69.343071,852300
2007-05-22,80.070000,80.110001,80.040001,80.080002,69.360443,1016600
2007-05-23,80.080002,80.129997,80.059998,80.059998,69.343071,642200
2007-05-24,80.110001,80.120003,80.019997,80.089996,69.369080,844700
2007-05-25,80.059998,80.150002,80.050003,80.139999,69.412392,1649800
2007-05-29,80.099998,80.120003,80.059998,80.059998,69.343071,311100
2007-05-30,80.110001,80.139999,80.070000,80.120003,69.395058,466300
2007-05-31,80.129997,80.129997,80.040001,80.070000,69.351753,948300
2007-06-01,79.769997,79.849998,79.720001,79.739998,69.316132,1827100
2007-06-04,79.760002,79.779999,79.720001,79.769997,69.342186,242300
2007-06-05,79.739998,79.769997,79.690002,79.699997,69.281319,294400
2007-06-06,79.750000,79.820000,79.730003,79.800003,69.368256,779300
2007-06-07,79.760002,79.779999,79.650002,79.709999,69.290077,1047900
2007-06-08,79.699997,79.739998,79.680000,79.739998,69.316132,1129500
2007-06-11,79.720001,79.769997,79.709999,79.750000,69.324837,358400
2007-06-12,79.690002,79.739998,79.639999,79.680000,69.263962,855700
2007-06-13,79.680000,79.730003,79.639999,79.699997,69.281319,592200
2007-06-14,79.690002,79.720001,79.660004,79.699997,69.281319,341300
2007-06-15,79.739998,79.809998,79.699997,79.809998,69.376923,343400
2007-06-18,79.779999,79.820000,79.739998,79.809998,69.376923,461500
2007-06-19,79.889999,79.970001,79.839996,79.949997,69.498688,1196700
2007-06-20,79.910004,79.930000,79.820000,79.870003,69.429115,1038700
2007-06-21,79.910004,79.949997,79.879997,79.900002,69.455170,178800
2007-06-22,79.870003,80.010002,79.870003,80.010002,69.550827,353100
2007-06-25,80.059998,80.080002,79.980003,80.080002,69.611694,380200
2007-06-26,80.059998,80.059998,80.000000,80.029999,69.568237,462100
2007-06-27,80.129997,80.129997,80.019997,80.019997,69.559555,450500
2007-06-28,80.040001,80.080002,79.980003,80.000000,69.542122,360800
2007-06-29,80.089996,80.169998,80.029999,80.160004,69.681206,1063700
2007-07-02,79.870003,79.930000,79.849998,79.910004,69.726593,4806500
2007-07-03,79.919998,79.940002,79.830002,79.879997,69.700394,296400
2007-07-05,79.800003,79.830002,79.739998,79.769997,69.604416,820300
2007-07-06,79.760002,79.779999,79.690002,79.760002,69.595703,991700
2007-07-09,79.739998,79.820000,79.739998,79.820000,69.648079,652600
2007-07-10,79.900002,79.970001,79.839996,79.970001,69.778954,673700
2007-07-11,79.989998,79.989998,79.900002,79.930000,69.744041,315300
2007-07-12,79.989998,79.989998,79.830002,79.879997,69.700394,550100
2007-07-13,79.930000,79.930000,79.849998,79.919998,69.735313,1058600
2007-07-16,79.919998,80.000000,79.910004,80.000000,69.805092,295500
2007-07-17,79.949997,80.010002,79.930000,79.949997,69.761505,2105200
2007-07-18,80.010002,80.099998,79.989998,80.070000,69.866188,611200
2007-07-19,80.010002,80.070000,80.000000,80.059998,69.857483,2355100
2007-07-20,80.120003,80.209999,80.110001,80.190002,69.970901,522700
2007-07-23,80.160004,80.190002,80.120003,80.129997,69.918571,294600
2007-07-24,80.190002,80.230003,80.169998,80.209999,69.988358,363100
2007-07-25,80.230003,80.290001,80.209999,80.269997,70.040718,316100
2007-07-26,80.389999,80.519997,80.379997,80.459999,70.206490,1740500
2007-07-27,80.500000,80.570000,80.440002,80.550003,70.285034,1063600
2007-07-30,80.559998,80.610001,80.449997,80.449997,70.197777,778700
2007-07-31,80.459999,80.580002,80.410004,80.580002,70.311195,449900
2007-08-01,80.260002,80.320000,80.169998,80.199997,70.242928,865700
2007-08-02,80.199997,80.250000,80.160004,80.239998,70.277908,386200
2007-08-03,80.300003,80.449997,80.290001,80.440002,70.453056,678200
2007-08-06,80.419998,80.489998,80.320000,80.339996,70.365501,2911800
2007-08-07,80.320000,80.459999,80.209999,80.269997,70.304176,818900
2007-08-08,80.209999,80.239998,80.120003,80.209999,70.251648,533600
2007-08-09,80.379997,80.440002,80.320000,80.440002,70.453056,1314300
2007-08-10,80.500000,80.519997,80.379997,80.410004,70.426834,1899400
2007-08-13,80.389999,80.500000,80.360001,80.480003,70.488136,603400
2007-08-14,80.400002,80.589996,80.400002,80.589996,70.584473,1720300
2007-08-15,80.669998,80.769997,80.599998,80.699997,70.680832,1299000
2007-08-16,80.839996,81.150002,80.800003,80.860001,70.820915,2481100
2007-08-17,80.860001,80.970001,80.809998,80.930000,70.882256,936000
2007-08-20,80.930000,81.099998,80.919998,81.029999,70.969833,1029600
2007-08-21,81.220001,81.230003,81.010002,81.139999,71.066170,876500
2007-08-22,81.000000,81.059998,80.949997,81.029999,70.969833,774100
2007-08-23,80.930000,81.080002,80.889999,80.980003,70.926048,842000
2007-08-24,80.949997,80.970001,80.790001,80.830002,70.794670,700700
2007-08-27,80.889999,80.959999,80.820000,80.940002,70.890999,480400
2007-08-28,80.980003,81.150002,80.970001,81.150002,71.074966,602800
2007-08-29,81.099998,81.199997,81.050003,81.050003,70.987350,443600
2007-08-30,81.129997,81.190002,81.080002,81.120003,71.048683,389600
2007-08-31,81.050003,81.250000,80.900002,81.120003,71.048683,2442400
2007-09-04,80.989998,80.989998,80.279999,80.809998,71.045143,603600
2007-09-05,80.959999,81.050003,80.900002,81.019997,71.229774,358700
2007-09-06,81.000000,81.010002,80.790001,80.919998,71.141861,339600
2007-09-07,81.169998,81.220001,81.099998,81.199997,71.388000,470900
2007-09-10,81.220001,81.320000,81.099998,81.230003,71.414421,691300
2007-09-11,81.180000,81.220001,81.110001,81.110001,71.308907,537700
2007-09-12,81.150002,81.309998,81.110001,81.180000,71.370506,410100
2007-09-13,81.110001,81.150002,80.989998,81.059998,71.264977,532100
2007-09-14,81.160004,81.209999,80.809998,81.050003,71.256157,451100
2007-09-17,80.959999,81.150002,80.959999,81.040001,71.247368,347900
2007-09-18,80.949997,81.199997,79.870003,81.150002,71.344078,743300
2007-09-19,81.070000,81.279999,81.070000,81.150002,71.344078,1602400
2007-09-20,81.110001,81.160004,80.970001,80.980003,71.194633,2156700
2007-09-21,81.019997,81.180000,81.000000,81.089996,71.291321,418300
2007-09-24,81.120003,81.190002,81.059998,81.180000,71.370506,289400
2007-09-25,81.230003,81.309998,81.129997,81.250000,71.432014,611400
2007-09-26,81.239998,81.320000,81.169998,81.199997,71.388000,528000
2007-09-27,81.230003,81.440002,81.230003,81.349998,71.519905,878800
2007-09-28,81.330002,81.419998,81.260002,81.260002,71.440750,701000
2007-10-01,81.019997,81.070000,80.949997,80.980003,71.455780,5263100
2007-10-02,80.919998,81.050003,80.919998,81.029999,71.499916,1337200
2007-10-03,81.110001,81.129997,80.980003,81.019997,71.491035,1713300
2007-10-04,81.029999,81.070000,81.000000,81.059998,71.526398,219200
2007-10-05,80.900002,81.050003,80.889999,80.970001,71.446983,2065600
2007-10-08,81.059998,81.080002,80.900002,81.050003,71.517548,268400
2007-10-09,80.900002,80.959999,80.849998,80.870003,71.358711,1313900
2007-10-10,80.839996,80.919998,80.790001,80.889999,71.376343,477100
2007-10-11,80.769997,80.919998,80.769997,80.910004,71.394028,1196000
2007-10-12,80.830002,80.889999,80.779999,80.820000,71.314552,1798400
2007-10-15,80.750000,80.849998,80.720001,80.820000,71.314552,2014700
2007-10-16,80.870003,81.099998,80.870003,80.919998,71.402832,561900
2007-10-17,80.970001,81.180000,80.970001,81.110001,71.570473,1432000
2007-10-18,81.250000,81.279999,81.169998,81.220001,71.667572,385600
2007-10-19,81.300003,81.519997,81.269997,81.430000,71.852844,900600
2007-10-22,81.349998,81.480003,81.199997,81.360001,71.791077,607400
2007-10-23,81.339996,81.400002,81.300003,81.370003,71.799881,380100
2007-10-24,81.419998,81.589996,81.419998,81.529999,71.941071,457500
2007-10-25,81.559998,81.589996,81.480003,81.480003,71.897003,566300
2007-10-26,81.470001,81.570000,81.430000,81.489998,71.905823,1568500
2007-10-29,81.500000,81.529999,81.440002,81.489998,71.905823,592000
2007-10-30,81.459999,81.500000,81.440002,81.480003,71.897003,293000
2007-10-31,81.459999,81.489998,81.309998,81.349998,71.782295,554900
2007-11-01,81.089996,81.320000,81.089996,81.309998,72.015221,1776000
2007-11-02,81.230003,81.690002,81.230003,81.410004,72.103775,418900
2007-11-05,81.489998,81.500000,81.349998,81.400002,72.094940,520700
2007-11-06,81.379997,81.470001,81.349998,81.349998,72.050659,996400
2007-11-07,81.489998,81.599998,81.440002,81.580002,72.254341,484400
2007-11-08,81.639999,81.809998,81.580002,81.709999,72.369453,1829600
2007-11-09,81.830002,82.059998,81.690002,81.739998,72.396027,1566300
2007-11-12,81.900002,81.970001,81.760002,81.930000,72.564293,699100
2007-11-13,81.779999,81.839996,81.599998,81.680000,72.342903,1081200
2007-11-14,81.650002,81.750000,81.620003,81.720001,72.378326,570400
2007-11-15,81.900002,82.000000,81.839996,81.989998,72.617447,630200
2007-11-16,81.989998,82.059998,81.930000,81.989998,72.617447,434500
2007-11-19,82.000000,82.300003,81.650002,82.260002,72.856613,973800
2007-11-20,82.239998,82.339996,82.150002,82.230003,72.830009,620000
2007-11-21,82.389999,82.550003,82.389999,82.489998,73.060341,1685000
2007-11-23,82.430000,82.500000,82.349998,82.400002,72.980621,275600
2007-11-26,82.440002,83.150002,82.250000,82.629997,73.184288,983500
2007-11-27,82.559998,82.980003,82.330002,82.379997,72.962868,793900
2007-11-28,82.339996,82.379997,82.230003,82.309998,72.900887,740300
2007-11-29,82.430000,82.599998,82.379997,82.459999,73.033745,509000
2007-11-30,82.360001,82.529999,82.309998,82.500000,73.069191,640200
2007-12-03,82.349998,82.419998,81.959999,82.410004,73.234482,486000
2007-12-04,82.529999,82.529999,82.320000,82.400002,73.225548,1015400
2007-12-05,82.339996,82.470001,82.300003,82.430000,73.252220,615100
2007-12-06,82.370003,82.370003,82.220001,82.260002,73.101166,1601200
2007-12-07,82.260002,82.260002,82.080002,82.169998,73.021179,888000
2007-12-10,82.199997,82.209999,82.070000,82.110001,72.967857,499000
2007-12-11,82.120003,82.419998,82.059998,82.410004,73.234482,1751200
2007-12-12,82.050003,82.290001,82.000000,82.199997,73.047852,452900
2007-12-13,82.120003,82.230003,82.050003,82.080002,72.941223,493100
2007-12-14,82.010002,82.040001,81.879997,81.879997,72.763466,539300
2007-12-17,81.959999,82.120003,81.959999,82.120003,72.976753,662700
2007-12-18,82.139999,82.180000,82.019997,82.070000,72.932327,697000
2007-12-19,82.180000,82.330002,82.059998,82.279999,73.118919,718100
2007-12-20,82.320000,82.400002,82.199997,82.339996,73.172256,1304600
2007-12-21,82.300003,82.320000,82.139999,82.209999,73.056717,2023700
2007-12-24,82.080002,82.160004,82.040001,82.139999,72.994507,314800
2007-12-26,82.110001,82.180000,82.000000,82.059998,72.923416,472700
2007-12-27,82.019997,82.019997,81.849998,81.959999,73.083046,688500
2007-12-28,81.949997,82.080002,81.949997,82.059998,73.172218,584100
2007-12-31,82.110001,82.190002,82.099998,82.190002,73.288132,1120400
2008-01-02,82.269997,82.440002,82.160004,82.339996,73.421860,1471100
2008-01-03,82.430000,82.500000,82.320000,82.470001,73.537788,408400
2008-01-04,82.650002,82.669998,82.550003,82.589996,73.644806,884700
2008-01-07,82.580002,82.610001,82.500000,82.540001,73.600212,917400
2008-01-08,82.540001,82.660004,82.470001,82.660004,73.707222,1154500
2008-01-09,82.709999,82.730003,82.610001,82.620003,73.671539,2590700
2008-01-10,82.639999,82.739998,82.589996,82.620003,73.671539,997700
2008-01-11,82.660004,82.870003,82.660004,82.849998,73.876656,490100
2008-01-14,82.839996,82.879997,82.790001,82.879997,73.903389,1272300
2008-01-15,82.930000,82.949997,82.839996,82.949997,73.965797,1448400
2008-01-16,83.000000,83.050003,82.900002,83.019997,74.028229,965700
2008-01-17,82.970001,83.180000,82.940002,83.160004,74.153084,1032200
2008-01-18,83.139999,83.290001,83.099998,83.230003,74.215508,939100
2008-01-22,84.480003,84.480003,83.430000,83.580002,74.527534,2395400
2008-01-23,83.980003,83.980003,83.519997,83.540001,74.491898,1906100
2008-01-24,83.540001,83.540001,83.279999,83.279999,74.260063,1047100
2008-01-25,83.160004,83.529999,83.150002,83.500000,74.456238,1281300
2008-01-28,83.470001,83.529999,83.400002,83.459999,74.420570,758600
2008-01-29,83.349998,83.419998,83.300003,83.410004,74.375992,872000
2008-01-30,83.400002,83.470001,83.250000,83.470001,74.429474,3025000
2008-01-31,83.629997,83.660004,83.480003,83.550003,74.500832,905800
2008-02-01,83.489998,83.500000,83.370003,83.419998,74.582207,1754600
2008-02-04,83.389999,83.919998,83.349998,83.430000,74.591125,787300
2008-02-05,83.639999,83.650002,83.529999,83.620003,74.761032,1949700
2008-02-06,83.629997,83.680000,83.550003,83.650002,74.787842,898700
2008-02-07,83.720001,83.720001,83.470001,83.540001,74.689461,2791400
2008-02-08,83.580002,83.699997,83.570000,83.690002,74.823547,2447100
2008-02-11,83.709999,83.779999,83.669998,83.720001,74.850410,669400
2008-02-12,83.589996,83.760002,83.580002,83.750000,74.877251,936700
2008-02-13,83.769997,83.860001,83.730003,83.779999,74.904083,632300
2008-02-14,83.750000,83.800003,83.690002,83.720001,74.850410,1471200
2008-02-15,83.779999,83.839996,83.559998,83.629997,74.769958,1830200
2008-02-19,83.660004,83.699997,83.519997,83.570000,74.716301,1031900
2008-02-20,83.599998,83.639999,83.419998,83.470001,74.626869,822500
2008-02-21,83.419998,83.709999,83.349998,83.699997,74.832535,588900
2008-02-22,83.620003,83.739998,83.580002,83.610001,74.752037,1470900
2008-02-25,83.599998,83.650002,83.440002,83.480003,74.635818,689400
2008-02-26,83.480003,83.620003,83.480003,83.599998,74.743103,657700
2008-02-27,83.709999,83.779999,83.599998,83.699997,74.832535,1626500
2008-02-28,83.860001,83.900002,83.800003,83.900002,75.011353,823700
2008-02-29,84.080002,84.209999,83.970001,84.190002,75.270599,901700
2008-03-03,84.050003,84.080002,83.900002,84.029999,75.273338,1341900
2008-03-04,84.040001,84.239998,83.980003,84.010002,75.255386,662900
2008-03-05,84.050003,84.099998,83.889999,83.959999,75.210587,607700
2008-03-06,84.129997,84.209999,84.059998,84.209999,75.434540,1482800
2008-03-07,84.279999,84.330002,84.010002,84.169998,75.398682,1557200
2008-03-10,84.160004,84.309998,84.089996,84.260002,75.479355,701400
2008-03-11,83.989998,84.000000,83.839996,83.839996,75.103111,638300
2008-03-12,83.919998,84.129997,83.900002,84.110001,75.344955,459200
2008-03-13,84.220001,84.290001,84.010002,84.070000,75.309151,915400
2008-03-14,84.019997,84.449997,84.019997,84.320000,75.533073,1031000
2008-03-17,84.540001,84.610001,84.410004,84.510002,75.703239,851000
2008-03-18,84.430000,84.500000,84.169998,84.209999,75.434540,735400
2008-03-19,84.180000,84.379997,84.070000,84.300003,75.515175,696300
2008-03-20,84.279999,84.440002,84.099998,84.199997,75.425598,1289400
2008-03-24,84.019997,84.019997,83.820000,83.849998,75.112038,849600
2008-03-25,83.959999,84.029999,83.910004,83.910004,75.165817,1870900
2008-03-26,84.040001,84.160004,83.949997,84.089996,75.327026,474100
2008-03-27,84.110001,84.190002,84.080002,84.180000,75.407669,437800
2008-03-28,84.150002,84.220001,84.029999,84.220001,75.443481,370800
2008-03-31,84.220001,84.269997,84.180000,84.239998,75.461433,474400
2008-04-01,83.910004,83.970001,83.760002,83.760002,75.188530,2527500
2008-04-02,83.720001,83.800003,83.580002,83.690002,75.125664,818600
2008-04-03,83.750000,83.779999,83.610001,83.629997,75.071823,688400
2008-04-04,83.699997,83.790001,83.680000,83.779999,75.206505,1027900
2008-04-07,83.650002,83.680000,83.500000,83.620003,75.062874,574700
2008-04-08,83.660004,83.739998,83.629997,83.669998,75.107780,986000
2008-04-09,83.809998,83.930000,83.779999,83.830002,75.251350,610500
2008-04-10,83.919998,83.940002,83.760002,83.800003,75.224434,433900
2008-04-11,83.860001,83.940002,83.849998,83.940002,75.350121,1193300
2008-04-14,83.919998,83.949997,83.870003,83.889999,75.305206,551000
2008-04-15,83.830002,83.870003,83.739998,83.779999,75.206505,483800
2008-04-16,83.779999,83.800003,83.570000,83.599998,75.044876,1370900
2008-04-17,83.620003,83.620003,83.349998,83.449997,74.910217,792700
2008-04-18,83.279999,83.400002,83.190002,83.400002,74.865379,1436200
2008-04-21,83.349998,83.410004,83.290001,83.320000,74.793495,753400
2008-04-22,83.290001,83.370003,83.279999,83.349998,74.820503,494100
2008-04-23,83.330002,83.389999,83.269997,83.349998,74.820503,505600
2008-04-24,83.199997,83.260002,83.070000,83.120003,74.614021,975700
2008-04-25,83.059998,83.190002,83.059998,83.129997,74.623009,1386000
2008-04-28,83.129997,83.230003,83.040001,83.220001,74.703781,593600
2008-04-29,83.260002,83.309998,83.190002,83.199997,74.685867,695300
2008-04-30,83.220001,83.360001,83.089996,83.360001,74.829483,870600
2008-05-01,83.279999,83.279999,83.010002,83.050003,74.696358,1129900
2008-05-02,82.910004,83.489998,82.849998,82.940002,74.597443,878100
2008-05-05,83.000000,83.059998,82.940002,83.029999,74.678329,723600
2008-05-06,83.110001,83.180000,82.989998,83.080002,74.723358,893400
2008-05-07,83.019997,83.180000,83.019997,83.180000,74.813286,861500
2008-05-08,83.250000,83.309998,83.139999,83.250000,74.876259,1319900
2008-05-09,83.339996,83.349998,83.239998,83.279999,74.903206,848600
2008-05-12,83.209999,83.300003,83.120003,83.120003,74.759308,569800
2008-05-13,83.010002,83.080002,82.910004,82.980003,74.633400,557100
2008-05-14,83.019997,83.019997,82.809998,82.919998,74.579391,574000
2008-05-15,82.889999,83.040001,82.889999,82.989998,74.642372,657100
2008-05-16,82.889999,83.089996,82.889999,83.010002,74.660370,417200
2008-05-19,83.070000,83.110001,82.970001,83.099998,74.741302,371100
2008-05-20,83.099998,83.230003,83.099998,83.220001,74.849220,462600
2008-05-21,83.139999,83.239998,83.099998,83.129997,74.768295,900100
2008-05-22,82.989998,83.000000,82.860001,82.900002,74.561447,433700
2008-05-23,82.959999,83.139999,82.959999,83.059998,74.705338,555000
2008-05-27,83.029999,83.070000,82.919998,82.970001,74.624420,501600
2008-05-28,82.910004,82.930000,82.809998,82.820000,74.489441,413700
2008-05-29,82.739998,82.820000,82.540001,82.790001,74.462524,439600
2008-05-30,82.879997,82.949997,82.860001,82.910004,74.570442,1970100
2008-06-02,82.699997,82.900002,82.680000,82.849998,74.717461,369300
2008-06-03,82.930000,83.000000,82.699997,82.970001,74.825638,445000
2008-06-04,83.000000,83.019997,82.889999,82.940002,74.798622,607100
2008-06-05,82.879997,82.919998,82.800003,82.830002,74.699394,679300
2008-06-06,82.910004,83.070000,82.889999,82.940002,74.798622,345400
2008-06-09,82.790001,82.800003,82.510002,82.519997,74.419823,566100
2008-06-10,82.400002,82.459999,82.279999,82.330002,74.248428,1293900
2008-06-11,82.400002,82.529999,82.330002,82.470001,74.374702,641300
2008-06-12,82.279999,82.339996,82.070000,82.070000,74.013969,1064700
2008-06-13,82.209999,82.339996,82.139999,82.160004,74.095161,834300
2008-06-16,82.199997,82.260002,82.169998,82.209999,74.140221,318500
2008-06-17,82.290001,82.379997,82.250000,82.370003,74.284546,388300
2008-06-18,82.370003,82.480003,82.370003,82.449997,74.356682,1229800
2008-06-19,82.370003,82.440002,82.279999,82.290001,74.212372,549000
2008-06-20,82.389999,82.510002,82.389999,82.440002,74.347717,362800
2008-06-23,82.360001,82.440002,82.309998,82.349998,74.266510,924300
2008-06-24,82.400002,82.529999,82.379997,82.500000,74.401794,650600
2008-06-25,82.449997,82.599998,82.349998,82.559998,74.455887,838000
2008-06-26,82.589996,82.820000,82.589996,82.800003,74.672363,1378900
2008-06-27,82.849998,82.870003,82.699997,82.839996,74.708351,812900
2008-06-30,82.809998,82.889999,82.750000,82.889999,74.753548,953300
2008-07-01,82.760002,82.849998,82.639999,82.650002,74.734474,1032300
2008-07-02,82.610001,82.750000,82.599998,82.660004,74.743546,903200
2008-07-03,82.750000,82.830002,82.660004,82.800003,74.870171,328900
2008-07-07,82.820000,83.010002,82.730003,82.849998,74.915382,1115100
2008-07-08,82.879997,83.000000,82.809998,82.860001,74.924377,507000
2008-07-09,82.849998,83.000000,82.809998,83.000000,75.051025,459000
2008-07-10,83.000000,83.000000,82.889999,82.900002,74.960571,736100
2008-07-11,82.949997,82.959999,82.680000,82.730003,74.806847,532200
2008-07-14,82.760002,82.930000,82.680000,82.919998,74.978661,681300
2008-07-15,83.000000,83.190002,82.959999,83.040001,75.087143,715700
2008-07-16,83.019997,83.070000,82.949997,82.959999,75.014801,618700
2008-07-17,82.919998,82.970001,82.779999,82.839996,74.906265,937600
2008-07-18,82.870003,82.910004,82.629997,82.690002,74.770638,1190400
2008-07-21,82.669998,82.730003,82.589996,82.730003,74.806847,811900
2008-07-22,82.720001,82.720001,82.570000,82.660004,74.743546,1046200
2008-07-23,82.550003,82.639999,82.489998,82.620003,74.707390,867600
2008-07-24,82.629997,82.860001,82.629997,82.849998,74.915382,520000
2008-07-25,82.820000,82.849998,82.699997,82.739998,74.815887,874800
2008-07-28,82.839996,82.919998,82.820000,82.910004,74.969620,513100
2008-07-29,82.870003,82.870003,82.760002,82.839996,74.906265,487900
2008-07-30,82.769997,82.919998,82.760002,82.860001,74.924377,516000
2008-07-31,82.959999,83.040001,82.949997,83.029999,75.078110,629900
2008-08-01,82.779999,82.790001,82.709999,82.779999,75.092674,657400
2008-08-04,82.760002,82.820000,82.730003,82.769997,75.083542,935500
2008-08-05,82.750000,82.760002,82.680000,82.730003,75.047256,567900
2008-08-06,82.760002,82.769997,82.650002,82.739998,75.056358,534700
2008-08-07,82.809998,82.940002,82.809998,82.919998,75.219643,445700
2008-08-08,82.940002,83.000000,82.790001,82.849998,75.156143,530000
2008-08-11,82.839996,82.839996,82.570000,82.739998,75.056358,711000
2008-08-12,82.870003,82.910004,82.839996,82.889999,75.192429,587800
2008-08-13,82.970001,82.980003,82.839996,82.879997,75.183357,1158100
2008-08-14,82.930000,82.949997,82.860001,82.910004,75.210579,1061400
2008-08-15,83.019997,83.050003,82.930000,82.970001,75.265022,1816300
2008-08-18,82.989998,83.070000,82.959999,83.040001,75.328499,537000
2008-08-19,83.139999,83.150002,83.050003,83.099998,75.382919,683800
2008-08-20,83.089996,83.220001,83.089996,83.209999,75.482719,717200
2008-08-21,83.190002,83.190002,83.089996,83.139999,75.419205,540600
2008-08-22,83.050003,83.050003,82.949997,82.989998,75.283119,509600
2008-08-25,83.089996,83.139999,83.070000,83.129997,75.410118,511800
2008-08-26,83.089996,83.099998,83.029999,83.099998,75.382919,600200
2008-08-27,83.059998,83.150002,83.019997,83.150002,75.428276,664000
2008-08-28,83.110001,83.120003,83.040001,83.110001,75.391968,510300
2008-08-29,83.070000,83.150002,83.029999,83.150002,75.428276,597400
2008-09-02,82.839996,83.019997,82.779999,83.019997,75.523781,645200
2008-09-03,83.040001,83.099998,83.010002,83.050003,75.551102,947200
2008-09-04,83.059998,83.169998,83.050003,83.099998,75.596550,861400
2008-09-05,83.199997,83.230003,83.040001,83.070000,75.569244,1047500
2008-09-08,82.889999,83.040001,82.820000,83.029999,75.532867,505100
2008-09-09,82.989998,83.209999,82.879997,83.160004,75.651169,642200
2008-09-10,83.110001,83.199997,83.040001,83.180000,75.669357,536600
2008-09-11,83.269997,83.290001,83.139999,83.150002,75.642082,825500
2008-09-12,83.180000,83.239998,83.050003,83.160004,75.651169,1061400
2008-09-15,83.699997,83.790001,83.489998,83.750000,76.187897,1710200
2008-09-16,84.029999,84.059998,83.580002,83.599998,76.051407,1671800
2008-09-17,83.930000,84.019997,83.419998,84.000000,76.415321,5535100
2008-09-18,83.870003,84.290001,83.650002,83.730003,76.169685,13824800
2008-09-19,83.059998,83.360001,83.019997,83.260002,75.742126,3398300
2008-09-22,83.059998,83.330002,83.010002,83.320000,75.796684,1542400
2008-09-23,83.419998,83.419998,83.220001,83.379997,75.851288,1226200
2008-09-24,83.400002,83.580002,83.309998,83.559998,76.015038,831100
2008-09-25,83.550003,83.559998,83.269997,83.410004,75.878548,1089800
2008-09-26,83.599998,83.620003,83.400002,83.410004,75.878548,1268200
2008-09-29,83.680000,84.160004,83.580002,83.889999,76.315254,2506000
2008-09-30,83.970001,84.019997,83.559998,83.559998,76.015038,1460200
2008-10-01,83.550003,83.629997,83.320000,83.540001,76.252373,4156600
2008-10-02,83.709999,83.870003,83.589996,83.720001,76.416656,2180500
2008-10-03,83.820000,83.949997,83.500000,83.949997,76.626595,1009900
2008-10-06,84.050003,84.269997,83.980003,84.120003,76.781769,2985200
2008-10-07,83.970001,84.169998,83.860001,84.139999,76.800026,5766800
2008-10-08,84.330002,84.339996,83.610001,83.779999,76.471443,7752100
2008-10-09,83.720001,83.849998,83.589996,83.830002,76.517059,6909600
2008-10-10,84.000000,84.120003,83.489998,83.959999,76.635727,4586600
2008-10-13,83.830002,83.830002,82.730003,83.589996,76.297997,1399300
2008-10-14,83.550003,83.730003,83.349998,83.610001,76.316269,3418700
2008-10-15,83.610001,84.029999,83.610001,83.889999,76.571815,1202300
2008-10-16,83.790001,84.150002,83.779999,83.839996,76.526199,1174500
2008-10-17,83.949997,84.019997,83.750000,83.900002,76.580963,942100
2008-10-20,83.980003,84.070000,83.779999,83.839996,76.526199,1514800
2008-10-21,84.089996,84.110001,83.839996,84.010002,76.681343,711100
2008-10-22,84.029999,84.160004,83.889999,84.129997,76.790886,1161600
2008-10-23,84.080002,84.309998,83.930000,84.080002,76.745255,901100
2008-10-24,84.349998,84.370003,84.040001,84.150002,76.809166,1208800
2008-10-27,84.019997,84.129997,83.879997,83.940002,76.617455,1122100
2008-10-28,83.959999,84.080002,83.879997,84.040001,76.708778,1028700
2008-10-29,84.120003,84.220001,84.000000,84.089996,76.754364,1302400
2008-10-30,84.110001,84.199997,84.010002,84.160004,76.818245,821500
2008-10-31,84.129997,84.199997,84.019997,84.199997,76.854736,1271700
2008-11-03,83.940002,84.029999,83.800003,84.029999,76.998619,901900
2008-11-04,84.000000,84.120003,83.839996,84.000000,76.971123,1290100
2008-11-05,83.989998,84.150002,83.949997,84.150002,77.108604,1421400
2008-11-06,84.019997,84.190002,83.970001,84.180000,77.136108,2190300
2008-11-07,84.080002,84.150002,84.010002,84.029999,76.998619,661000
2008-11-10,84.080002,84.290001,84.010002,84.290001,77.236908,703900
2008-11-11,84.150002,84.370003,84.150002,84.349998,77.291840,493200
2008-11-12,84.339996,84.480003,84.309998,84.480003,77.410927,972600
2008-11-13,84.449997,84.470001,84.250000,84.269997,77.218605,1089400
2008-11-14,84.290001,84.410004,84.250000,84.250000,77.200241,858300
2008-11-17,84.250000,84.410004,84.250000,84.400002,77.337700,613000
2008-11-18,84.309998,84.500000,84.300003,84.489998,77.420189,649600
2008-11-19,84.470001,84.610001,84.430000,84.610001,77.530098,740000
2008-11-20,84.750000,84.800003,84.570000,84.769997,77.676727,2529500
2008-11-21,84.629997,84.699997,84.459999,84.629997,77.548416,1693400
2008-11-24,84.459999,84.529999,84.339996,84.419998,77.355988,957100
2008-11-25,84.529999,84.660004,84.410004,84.489998,77.420189,810300
2008-11-26,84.500000,84.760002,84.500000,84.750000,77.658432,671900
2008-11-28,84.639999,84.800003,84.540001,84.800003,77.704201,234700
2008-12-01,84.629997,84.720001,84.519997,84.660004,77.831978,869100
2008-12-02,84.629997,84.709999,84.550003,84.650002,77.822838,725000
2008-12-03,84.570000,84.779999,84.570000,84.720001,77.887169,956300
2008-12-04,84.730003,84.849998,84.650002,84.739998,77.905548,1181300
2008-12-05,84.769997,84.800003,84.510002,84.639999,77.813583,877800
2008-12-08,84.620003,84.660004,84.480003,84.519997,77.703285,1051300
2008-12-09,84.639999,84.779999,84.449997,84.779999,77.942322,980400
2008-12-10,84.690002,84.769997,84.550003,84.669998,77.841209,938100
2008-12-11,84.750000,84.870003,84.650002,84.870003,78.025055,919400
2008-12-12,84.779999,84.949997,84.650002,84.910004,78.061844,538500
2008-12-15,84.849998,84.980003,84.750000,84.970001,78.116982,1399200
2008-12-16,85.010002,85.139999,84.739998,85.010002,78.153732,734500
2008-12-17,84.989998,85.169998,84.830002,84.830002,77.988266,1398100
2008-12-18,85.010002,85.029999,84.860001,84.870003,78.025055,1120900
2008-12-19,84.769997,84.889999,84.750000,84.790001,77.951485,848900
2008-12-22,84.790001,84.820000,84.620003,84.629997,77.804405,812700
2008-12-23,84.650002,84.750000,84.620003,84.650002,77.822838,698300
2008-12-24,84.690002,84.790001,84.660004,84.669998,77.841209,271600
2008-12-26,84.660004,84.800003,84.650002,84.769997,77.933136,444400
2008-12-29,84.570000,84.680000,84.449997,84.620003,78.104813,715900
2008-12-30,84.599998,84.699997,84.529999,84.699997,78.178596,531900
2008-12-31,84.669998,84.690002,84.459999,84.660004,78.141693,587400
2009-01-02,84.680000,84.680000,84.209999,84.209999,77.726349,1138500
2009-01-05,84.349998,84.459999,84.309998,84.379997,77.883286,5046300
2009-01-06,84.320000,84.459999,84.269997,84.419998,77.920181,1459700
2009-01-07,84.449997,84.449997,84.300003,84.360001,77.864830,2015400
2009-01-08,84.330002,84.489998,84.330002,84.379997,77.883286,805800
2009-01-09,84.389999,84.529999,84.379997,84.440002,77.938675,847200
2009-01-12,84.440002,84.589996,84.419998,84.459999,77.957100,1228000
2009-01-13,84.470001,84.540001,84.400002,84.470001,77.966385,583400
2009-01-14,84.519997,84.650002,84.519997,84.570000,78.058640,1117800
2009-01-15,84.559998,84.589996,84.410004,84.480003,77.975594,4473500
2009-01-16,84.419998,84.559998,84.400002,84.519997,78.012497,660600
2009-01-20,84.449997,84.580002,84.379997,84.559998,78.049431,2102800
2009-01-21,84.480003,84.550003,84.410004,84.430000,77.929466,992100
2009-01-22,84.470001,84.550003,84.419998,84.470001,77.966385,568900
2009-01-23,84.430000,84.480003,84.279999,84.449997,77.947876,1840900
2009-01-26,84.430000,84.430000,84.279999,84.339996,77.846375,910100
2009-01-27,84.300003,84.440002,84.300003,84.430000,77.929466,1186800
2009-01-28,84.389999,84.459999,84.330002,84.400002,77.901741,1637100
2009-01-29,84.269997,84.330002,84.220001,84.239998,77.754051,1642800
2009-01-30,84.279999,84.379997,84.230003,84.290001,77.800217,1134300
2009-02-02,84.139999,84.239998,84.120003,84.230003,77.872322,775500
2009-02-03,84.209999,84.239998,84.080002,84.139999,77.789116,872000
2009-02-04,84.120003,84.139999,83.970001,84.000000,77.659676,1806100
2009-02-05,84.040001,84.089996,83.970001,84.019997,77.678169,1131500
2009-02-06,84.120003,84.120003,83.970001,83.970001,77.631966,970500
2009-02-09,83.980003,84.050003,83.919998,83.940002,77.604248,823200
2009-02-10,84.000000,84.180000,83.959999,84.129997,77.779861,1168400
2009-02-11,84.160004,84.230003,84.099998,84.110001,77.761406,880200
2009-02-12,84.169998,84.260002,84.169998,84.209999,77.853836,879800
2009-02-13,84.150002,84.169998,84.040001,84.050003,77.705933,658100
2009-02-17,84.150002,84.279999,84.150002,84.269997,77.909332,901700
2009-02-18,84.169998,84.239998,84.070000,84.129997,77.779861,622500
2009-02-19,84.070000,84.150002,84.019997,84.099998,77.752151,646200
2009-02-20,84.129997,84.260002,84.120003,84.169998,77.816902,888400
2009-02-23,84.080002,84.169998,84.010002,84.160004,77.807594,2477700
2009-02-24,84.110001,84.190002,84.070000,84.099998,77.752151,863900
2009-02-25,84.099998,84.139999,83.940002,83.940002,77.604248,919000
2009-02-26,83.959999,83.989998,83.910004,83.980003,77.641151,863300
2009-02-27,84.010002,84.089996,83.949997,84.029999,77.687408,793500
2009-03-02,84.010002,84.110001,83.970001,84.089996,77.862442,1559300
2009-03-03,84.169998,84.169998,83.970001,84.019997,77.797607,1011700
2009-03-04,83.919998,83.940002,83.830002,83.930000,77.714272,2098600
2009-03-05,83.940002,84.059998,83.910004,84.029999,77.806870,1025300
2009-03-06,83.900002,84.059998,83.879997,83.970001,77.751350,1402800
2009-03-09,83.980003,83.989998,83.800003,83.889999,77.677238,896100
2009-03-10,83.870003,83.870003,83.500000,83.839996,77.630943,2253200
2009-03-11,83.830002,83.889999,83.769997,83.879997,77.667984,1011700
2009-03-12,83.849998,83.940002,83.830002,83.910004,77.695778,902300
2009-03-13,83.849998,83.989998,83.839996,83.980003,77.760582,1320000
2009-03-16,83.849998,83.919998,83.849998,83.870003,77.658730,730400
2009-03-17,83.900002,83.930000,83.800003,83.849998,77.640182,1135200
2009-03-18,83.870003,84.199997,83.860001,84.169998,77.936531,2771700
2009-03-19,84.139999,84.169998,84.059998,84.070000,77.843887,2064700
2009-03-20,84.139999,84.209999,84.070000,84.169998,77.936531,1939900
2009-03-23,84.080002,84.150002,84.040001,84.099998,77.871674,1068700
2009-03-24,84.110001,84.120003,83.980003,83.989998,77.769836,2632300
2009-03-25,84.040001,84.059998,83.959999,83.970001,77.751350,1233200
2009-03-26,84.059998,84.169998,84.010002,84.080002,77.853172,1249300
2009-03-27,84.099998,84.169998,84.099998,84.120003,77.890213,704600
2009-03-30,84.190002,84.250000,84.160004,84.199997,77.964279,787000
2009-03-31,84.199997,84.330002,84.199997,84.320000,78.075394,2398100
2009-04-01,84.139999,84.199997,84.110001,84.160004,78.057732,968800
2009-04-02,84.070000,84.120003,83.970001,84.019997,77.927940,996700
2009-04-03,83.970001,83.980003,83.809998,83.830002,77.751732,1979300
2009-04-06,83.800003,83.910004,83.800003,83.889999,77.807335,1236400
2009-04-07,83.930000,83.970001,83.889999,83.919998,77.835182,592100
2009-04-08,83.949997,84.010002,83.870003,83.919998,77.835182,1021000
2009-04-09,83.889999,83.919998,83.820000,83.820000,77.742401,1768800
2009-04-13,83.870003,84.059998,83.870003,83.980003,77.890862,664800
2009-04-14,84.000000,84.099998,83.989998,84.050003,77.955727,1485700
2009-04-15,84.040001,84.110001,84.000000,84.089996,77.992836,726200
2009-04-16,84.010002,84.089996,83.970001,83.970001,77.881538,1374700
2009-04-17,83.940002,84.089996,83.839996,83.879997,77.798080,826800
2009-04-20,83.930000,84.040001,83.930000,83.959999,77.872269,618200
2009-04-21,84.040001,84.070000,83.970001,83.970001,77.881538,284600
2009-04-22,84.010002,84.010002,83.889999,83.970001,77.881538,884900
2009-04-23,83.959999,83.970001,83.889999,83.910004,77.825897,1306900
2009-04-24,83.919998,83.959999,83.870003,83.910004,77.825897,1050300
2009-04-27,84.029999,84.050003,83.930000,84.010002,77.918655,848600
2009-04-28,84.050003,84.070000,83.919998,83.930000,77.844429,869300
2009-04-29,83.970001,84.010002,83.900002,83.970001,77.881538,867700
2009-04-30,83.949997,84.040001,83.910004,84.040001,77.946465,690100
2009-05-01,83.769997,83.830002,83.760002,83.809998,77.887909,695400
2009-05-04,83.849998,83.849998,83.750000,83.790001,77.869339,959800
2009-05-05,83.739998,83.800003,83.709999,83.769997,77.850761,1067400
2009-05-06,83.800003,83.849998,83.750000,83.820000,77.897202,660200
2009-05-07,83.720001,83.779999,83.669998,83.699997,77.785698,1587600
2009-05-08,83.720001,83.779999,83.709999,83.760002,77.841461,946000
2009-05-11,83.790001,83.910004,83.790001,83.900002,77.971603,528500
2009-05-12,83.870003,83.919998,83.870003,83.889999,77.962265,1212900
2009-05-13,83.919998,84.000000,83.910004,83.930000,77.999428,827700
2009-05-14,83.910004,83.989998,83.910004,83.959999,78.027321,1673100
2009-05-15,83.949997,84.010002,83.930000,83.949997,78.018044,1158000
2009-05-18,83.949997,83.970001,83.870003,83.870003,77.943687,1131700
2009-05-19,83.900002,83.949997,83.839996,83.919998,77.990166,1081800
2009-05-20,84.000000,84.029999,83.919998,84.029999,78.092400,1122100
2009-05-21,84.029999,84.040001,83.919998,83.919998,77.990166,1612700
2009-05-22,83.900002,83.949997,83.870003,83.940002,78.008736,654900
2009-05-26,83.940002,83.970001,83.820000,83.830002,77.906540,840600
2009-05-27,83.830002,83.930000,83.800003,83.809998,77.887909,553300
2009-05-28,83.830002,83.900002,83.800003,83.800003,77.878586,728200
2009-05-29,83.839996,83.970001,83.830002,83.919998,77.990166,852800
2009-06-01,83.699997,83.820000,83.660004,83.720001,77.925896,1745800
2009-06-02,83.750000,83.800003,83.690002,83.690002,77.898003,2210000
2009-06-03,83.790001,83.849998,83.739998,83.839996,78.037621,1227700
2009-06-04,83.739998,83.839996,83.739998,83.760002,77.963181,1196400
2009-06-05,83.400002,83.529999,83.180000,83.209999,77.451233,1198700
2009-06-08,83.160004,83.209999,82.989998,82.989998,77.246429,1100900
2009-06-09,83.150002,83.239998,83.150002,83.180000,77.423317,996100
2009-06-10,83.209999,83.260002,83.059998,83.169998,77.413986,759400
2009-06-11,83.120003,83.230003,83.110001,83.180000,77.423317,763000
2009-06-12,83.180000,83.309998,83.169998,83.269997,77.507088,607800
2009-06-15,83.330002,83.379997,83.300003,83.330002,77.562897,959400
2009-06-16,83.360001,83.480003,83.330002,83.419998,77.646667,1126500
2009-06-17,83.519997,83.570000,83.459999,83.510002,77.730461,752200
2009-06-18,83.470001,83.470001,83.309998,83.370003,77.600128,619800
2009-06-19,83.360001,83.449997,83.300003,83.419998,77.646667,1051200
2009-06-22,83.449997,83.540001,83.449997,83.529999,77.749062,1054400
2009-06-23,83.470001,83.589996,83.459999,83.529999,77.749062,721300
2009-06-24,83.570000,83.709999,83.500000,83.519997,77.739769,698700
2009-06-25,83.570000,83.720001,83.559998,83.680000,77.888664,1241300
2009-06-26,83.690002,83.739998,83.669998,83.720001,77.925896,692200
2009-06-29,83.730003,83.750000,83.690002,83.720001,77.925896,652300
2009-06-30,83.639999,83.739998,83.610001,83.709999,77.916626,703300
2009-07-01,83.589996,83.680000,83.559998,83.680000,77.992996,1202200
2009-07-02,83.769997,83.800003,83.720001,83.769997,78.076927,544300
2009-07-06,83.760002,83.839996,83.739998,83.800003,78.104881,474400
2009-07-07,83.800003,83.870003,83.760002,83.790001,78.095604,1668300
2009-07-08,83.809998,83.959999,83.769997,83.919998,78.216736,773700
2009-07-09,83.849998,83.919998,83.839996,83.879997,78.179443,824100
2009-07-10,83.940002,83.980003,83.900002,83.959999,78.253998,666200
2009-07-13,83.930000,83.980003,83.889999,83.910004,78.207428,699800
2009-07-14,83.839996,83.910004,83.820000,83.849998,78.151489,488900
2009-07-15,83.779999,83.800003,83.650002,83.650002,77.965111,747200
2009-07-16,83.809998,83.830002,83.760002,83.779999,78.086258,504500
2009-07-17,83.720001,83.769997,83.709999,83.750000,78.058273,833100
2009-07-20,83.660004,83.779999,83.650002,83.739998,78.048927,808800
2009-07-21,83.709999,83.910004,83.709999,83.839996,78.142166,1071800
2009-07-22,83.900002,83.900002,83.779999,83.800003,78.104881,628000
2009-07-23,83.790001,83.800003,83.620003,83.650002,77.965111,1026000
2009-07-24,83.660004,83.730003,83.650002,83.699997,78.011673,969800
2009-07-27,83.610001,83.680000,83.570000,83.639999,77.955772,707600
2009-07-28,83.669998,83.720001,83.559998,83.589996,77.909149,763200
2009-07-29,83.629997,83.650002,83.449997,83.540001,77.862541,635700
2009-07-30,83.510002,83.559998,83.480003,83.550003,77.871887,774200
2009-07-31,83.570000,83.690002,83.570000,83.690002,78.002396,624200
2009-08-03,83.510002,83.519997,83.379997,83.459999,77.892220,1073800
2009-08-04,83.480003,83.500000,83.349998,83.389999,77.826866,940200
2009-08-05,83.320000,83.500000,83.320000,83.360001,77.798874,1230500
2009-08-06,83.339996,83.410004,83.330002,83.360001,77.798874,892300
2009-08-07,83.239998,83.269997,83.190002,83.220001,77.668274,1192200
2009-08-10,83.279999,83.379997,83.269997,83.349998,77.789604,639000
2009-08-11,83.370003,83.459999,83.370003,83.440002,77.873543,870800
2009-08-12,83.470001,83.500000,83.379997,83.470001,77.901596,856900
2009-08-13,83.519997,83.620003,83.480003,83.610001,78.032211,874800
2009-08-14,83.599998,83.739998,83.589996,83.669998,78.088249,515000
2009-08-17,83.720001,83.800003,83.720001,83.760002,78.172249,750800
2009-08-18,83.760002,83.769997,83.699997,83.739998,78.153542,691600
2009-08-19,83.790001,83.820000,83.750000,83.779999,78.190910,1102800
2009-08-20,83.769997,83.800003,83.739998,83.760002,78.172249,588800
2009-08-21,83.760002,83.790001,83.599998,83.629997,78.050880,848100
2009-08-24,83.620003,83.750000,83.589996,83.730003,78.144180,555900
2009-08-25,83.750000,83.760002,83.660004,83.730003,78.144180,664500
2009-08-26,83.800003,83.809998,83.730003,83.779999,78.190910,733200
2009-08-27,83.769997,83.820000,83.730003,83.769997,78.181572,605200
2009-08-28,83.720001,83.860001,83.720001,83.860001,78.265579,764100
2009-08-31,83.860001,83.930000,83.820000,83.919998,78.321571,541100
2009-09-01,83.839996,83.919998,83.760002,83.879997,78.385086,927000
2009-09-02,83.919998,83.970001,83.870003,83.970001,78.469185,690900
2009-09-03,83.930000,83.930000,83.870003,83.889999,78.394447,505300
2009-09-04,83.889999,83.910004,83.839996,83.849998,78.357094,489900
2009-09-08,83.889999,83.889999,83.820000,83.860001,78.366386,640800
2009-09-09,83.839996,83.889999,83.800003,83.870003,78.375755,598500
2009-09-10,83.919998,83.980003,83.900002,83.919998,78.422516,577700
2009-09-11,83.949997,84.019997,83.889999,83.889999,78.394447,850500
2009-09-14,83.949997,83.949997,83.830002,83.839996,78.347679,636100
2009-09-15,83.809998,83.889999,83.809998,83.879997,78.385086,657500
2009-09-16,83.879997,83.900002,83.760002,83.769997,78.282303,709300
2009-09-17,83.769997,83.900002,83.739998,83.889999,78.394447,832600
2009-09-18,83.860001,83.879997,83.419998,83.809998,78.319672,1287300
2009-09-21,83.809998,83.879997,83.809998,83.839996,78.347679,600800
2009-09-22,83.839996,83.870003,83.820000,83.820000,78.329018,711300
2009-09-23,83.830002,83.959999,83.800003,83.949997,78.450500,943300
2009-09-24,83.910004,83.989998,83.900002,83.970001,78.469185,859900
2009-09-25,83.959999,83.970001,83.879997,83.940002,78.441154,866400
2009-09-28,83.959999,83.970001,83.900002,83.930000,78.431793,716400
2009-09-29,83.870003,83.940002,83.830002,83.919998,78.422516,1051300
2009-09-30,83.889999,84.029999,83.889999,84.010002,78.506607,1421900
2009-10-01,83.989998,84.040001,83.940002,83.989998,78.585182,1122900
2009-10-02,84.050003,84.080002,83.959999,84.019997,78.613220,883500
2009-10-05,84.059998,84.059998,83.989998,84.019997,78.613220,683000
2009-10-06,83.980003,84.000000,83.930000,83.970001,78.566444,1163100
2009-10-07,84.019997,84.099998,83.989998,84.080002,78.669373,880300
2009-10-08,84.059998,84.070000,83.970001,84.000000,78.594528,817700
2009-10-09,83.900002,83.910004,83.820000,83.879997,78.482231,1141400
2009-10-12,83.849998,84.199997,83.849998,83.980003,78.575798,624300
2009-10-13,83.959999,84.029999,83.959999,84.029999,78.622620,886200
2009-10-14,83.940002,84.000000,83.900002,83.919998,78.519714,1078700
2009-10-15,83.879997,83.959999,83.870003,83.870003,78.472900,719500
2009-10-16,83.849998,83.930000,83.830002,83.919998,78.519714,508400
2009-10-19,83.879997,83.919998,83.849998,83.919998,78.519714,670100
2009-10-20,83.970001,84.019997,83.910004,83.959999,78.557129,1642100
2009-10-21,83.940002,83.959999,83.870003,83.919998,78.519714,1529300
2009-10-22,83.849998,83.930000,83.849998,83.930000,78.529015,572600
2009-10-23,83.820000,83.839996,83.790001,83.790001,78.398048,572500
2009-10-26,83.790001,83.790001,83.699997,83.699997,78.313835,1301600
2009-10-27,83.760002,83.900002,83.739998,83.870003,78.472900,1267500
2009-10-28,83.940002,84.000000,83.889999,83.989998,78.585182,795500
2009-10-29,83.930000,83.930000,83.870003,83.919998,78.519714,788200
2009-10-30,83.980003,84.059998,83.949997,84.019997,78.613220,988900
2009-11-02,83.849998,83.870003,83.800003,83.839996,78.622589,1469400
2009-11-03,83.879997,83.879997,83.800003,83.830002,78.613258,779200
2009-11-04,83.800003,83.860001,83.760002,83.820000,78.603851,658500
2009-11-05,83.839996,83.910004,83.839996,83.900002,78.678879,667900
2009-11-06,83.959999,83.959999,83.910004,83.959999,78.735176,798000
2009-11-09,83.910004,83.959999,83.910004,83.959999,78.735176,590800
2009-11-10,83.980003,84.000000,83.940002,83.940002,78.716393,546700
2009-11-11,84.000000,84.040001,83.940002,84.029999,78.800812,399000
2009-11-12,83.970001,84.029999,83.959999,84.019997,78.791397,909000
2009-11-13,83.989998,84.040001,83.970001,84.040001,78.810188,584700
2009-11-16,83.970001,84.099998,83.970001,84.089996,78.857056,845200
2009-11-17,84.059998,84.120003,84.029999,84.110001,78.875809,1033000
2009-11-18,84.110001,84.139999,84.080002,84.110001,78.875809,876600
2009-11-19,84.139999,84.220001,84.139999,84.139999,78.903954,936100
2009-11-20,84.169998,84.220001,84.139999,84.160004,78.922699,566500
2009-11-23,84.099998,84.150002,84.089996,84.150002,78.913284,745600
2009-11-24,84.160004,84.230003,84.150002,84.220001,78.978973,680300
2009-11-25,84.209999,84.260002,84.180000,84.260002,79.016495,879100
2009-11-27,84.330002,84.339996,84.260002,84.320000,79.072777,346400
2009-11-30,84.320000,84.379997,84.279999,84.330002,79.082123,683500
2009-12-01,83.889999,83.889999,83.730003,83.769997,79.101967,1355900
2009-12-02,83.750000,83.769997,83.669998,83.699997,79.035843,863700
2009-12-03,83.629997,83.690002,83.599998,83.650002,78.988655,1045800
2009-12-04,83.500000,83.500000,83.419998,83.440002,78.790321,730400
2009-12-07,83.550003,83.620003,83.489998,83.620003,78.960297,753600
2009-12-08,83.680000,83.709999,83.629997,83.699997,79.035843,657300
2009-12-09,83.680000,83.699997,83.629997,83.639999,78.979172,642400
2009-12-10,83.599998,83.650002,83.550003,83.610001,78.950851,535700
2009-12-11,83.550003,83.570000,83.489998,83.519997,78.865852,486800
2009-12-14,83.559998,83.559998,83.430000,83.430000,78.780922,525800
2009-12-15,83.440002,83.440002,83.360001,83.410004,78.762024,566900
2009-12-16,83.459999,83.529999,83.430000,83.470001,78.818695,686200
2009-12-17,83.599998,83.629997,83.529999,83.629997,78.969757,698000
2009-12-18,83.580002,83.599998,83.519997,83.570000,78.913094,540600
2009-12-21,83.500000,83.510002,83.400002,83.440002,78.790321,958500
2009-12-22,83.400002,83.419998,83.320000,83.339996,78.695930,846800
2009-12-23,83.389999,83.419998,83.320000,83.339996,78.695930,767400
2009-12-24,83.269997,83.300003,83.239998,83.239998,78.601486,325400
2009-12-28,83.199997,83.220001,83.120003,83.120003,78.488167,1728200
2009-12-29,83.050003,83.089996,83.019997,83.089996,78.540161,857500
2009-12-30,83.080002,83.089996,83.040001,83.059998,78.511787,785600
2009-12-31,82.980003,83.010002,82.879997,82.959999,78.417297,633000
2010-01-04,83.029999,83.089996,83.000000,83.070000,78.521294,1220600
2010-01-05,83.150002,83.209999,83.150002,83.169998,78.615761,598200
2010-01-06,83.190002,83.230003,83.120003,83.180000,78.625237,1534900
2010-01-07,83.180000,83.199997,83.150002,83.160004,78.606331,772000
2010-01-08,83.260002,83.279999,83.199997,83.239998,78.681961,713200
2010-01-11,83.269997,83.309998,83.269997,83.279999,78.719757,756600
2010-01-12,83.339996,83.370003,83.330002,83.349998,78.785881,582900
2010-01-13,83.309998,83.360001,83.279999,83.279999,78.719757,590500
2010-01-14,83.330002,83.400002,83.330002,83.360001,78.795403,549900
2010-01-15,83.410004,83.459999,83.410004,83.430000,78.861504,648300
2010-01-19,83.410004,83.449997,83.389999,83.449997,78.880440,1154000
2010-01-20,83.459999,83.500000,83.440002,83.449997,78.880440,1085600
2010-01-21,83.419998,83.529999,83.400002,83.519997,78.946625,1281000
2010-01-22,83.519997,83.589996,83.500000,83.589996,79.012802,725600
2010-01-25,83.550003,83.559998,83.510002,83.519997,78.946625,624600
2010-01-26,83.570000,83.589996,83.510002,83.529999,78.956055,758500
2010-01-27,83.599998,83.620003,83.459999,83.500000,78.927711,875700
2010-01-28,83.489998,83.540001,83.459999,83.540001,78.965553,982100
2010-01-29,83.489998,83.620003,83.459999,83.620003,79.041122,900600
2010-02-01,83.519997,83.519997,83.430000,83.500000,79.007088,1001000
2010-02-02,83.480003,83.519997,83.480003,83.510002,79.016548,724800
2010-02-03,83.459999,83.480003,83.430000,83.449997,78.959747,1283800
2010-02-04,83.540001,83.589996,83.519997,83.570000,79.073303,624300
2010-02-05,83.629997,83.730003,83.610001,83.699997,79.196304,1362400
2010-02-08,83.620003,83.660004,83.599998,83.639999,79.139542,857100
2010-02-09,83.610001,83.629997,83.519997,83.559998,79.063850,1415000
2010-02-10,83.580002,83.580002,83.449997,83.470001,78.978691,670100
2010-02-11,83.459999,83.500000,83.430000,83.500000,79.007088,1266000
2010-02-12,83.550003,83.580002,83.540001,83.570000,79.073303,505700
2010-02-16,83.559998,83.620003,83.529999,83.580002,79.082771,733000
2010-02-17,83.529999,83.570000,83.480003,83.510002,79.016548,672300
2010-02-18,83.529999,83.529999,83.449997,83.459999,78.969261,888900
2010-02-19,83.419998,83.440002,83.349998,83.430000,78.940811,1352700
2010-02-22,83.459999,83.470001,83.419998,83.459999,78.969261,681700
2010-02-23,83.519997,83.559998,83.489998,83.529999,79.035423,832000
2010-02-24,83.519997,83.589996,83.510002,83.570000,79.073303,1194200
2010-02-25,83.639999,83.660004,83.610001,83.639999,79.139542,733600
2010-02-26,83.639999,83.690002,83.620003,83.669998,79.167900,936700
2010-03-01,83.550003,83.610001,83.550003,83.580002,79.153679,863200
2010-03-02,83.570000,83.610001,83.559998,83.580002,79.153679,1148800
2010-03-03,83.559998,83.610001,83.529999,83.570000,79.144279,1204600
2010-03-04,83.529999,83.580002,83.500000,83.540001,79.115829,820800
2010-03-05,83.459999,83.480003,83.400002,83.470001,79.049561,1145300
2010-03-08,83.440002,83.449997,83.419998,83.430000,79.011650,943100
2010-03-09,83.480003,83.500000,83.449997,83.489998,79.068512,641400
2010-03-10,83.440002,83.489998,83.440002,83.470001,79.049561,1220100
2010-03-11,83.389999,83.430000,83.370003,83.370003,78.954857,1763300
2010-03-12,83.360001,83.410004,83.339996,83.379997,78.964272,1100500
2010-03-15,83.389999,83.410004,83.370003,83.410004,78.992714,423400
2010-03-16,83.419998,83.480003,83.370003,83.430000,79.011650,773100
2010-03-17,83.449997,83.459999,83.419998,83.449997,79.030602,961200
2010-03-18,83.430000,83.430000,83.370003,83.400002,78.983261,605400
2010-03-19,83.339996,83.400002,83.330002,83.339996,78.926422,597100
2010-03-22,83.370003,83.400002,83.349998,83.370003,78.954857,461900
2010-03-23,83.379997,83.400002,83.330002,83.339996,78.926422,465300
2010-03-24,83.279999,83.320000,83.199997,83.209999,78.803329,651700
2010-03-25,83.239998,83.250000,83.160004,83.239998,78.831711,759700
2010-03-26,83.239998,83.300003,83.220001,83.290001,78.879066,595000
2010-03-29,83.300003,83.330002,83.269997,83.330002,78.916931,1219600
2010-03-30,83.320000,83.330002,83.290001,83.309998,78.898033,703300
2010-03-31,83.339996,83.419998,83.320000,83.370003,78.954857,2179100
2010-04-01,83.300003,83.309998,83.250000,83.260002,78.926384,609000
2010-04-05,83.120003,83.139999,83.019997,83.029999,78.708412,3762900
2010-04-06,83.089996,83.099998,83.050003,83.089996,78.765236,1014200
2010-04-07,83.139999,83.220001,83.139999,83.220001,78.888496,1811100
2010-04-08,83.269997,83.279999,83.199997,83.199997,78.869499,709900
2010-04-09,83.180000,83.230003,83.160004,83.220001,78.888496,481800
2010-04-12,83.230003,83.279999,83.220001,83.260002,78.926384,1050800
2010-04-13,83.300003,83.300003,83.220001,83.239998,78.907471,736700
2010-04-14,83.260002,83.290001,83.239998,83.239998,78.907471,970900
2010-04-15,83.250000,83.320000,83.239998,83.300003,78.964287,1206300
2010-04-16,83.349998,83.449997,83.330002,83.430000,79.087532,801800
2010-04-19,83.430000,83.430000,83.349998,83.349998,79.011719,661300
2010-04-20,83.349998,83.360001,83.309998,83.360001,79.021225,895200
2010-04-21,83.339996,83.370003,83.300003,83.370003,79.030693,648500
2010-04-22,83.389999,83.430000,83.309998,83.309998,78.973778,169300
2010-04-23,83.279999,83.300003,83.239998,83.279999,78.945351,658300
2010-04-26,83.290001,83.320000,83.260002,83.279999,78.945351,545600
2010-04-27,83.360001,83.480003,83.330002,83.440002,79.097061,1530800
2010-04-28,83.389999,83.430000,83.349998,83.419998,79.078049,1269900
2010-04-29,83.430000,83.440002,83.389999,83.440002,79.097061,421600
2010-04-30,83.459999,83.540001,83.449997,83.540001,79.191833,517300
2010-05-03,83.370003,83.410004,83.349998,83.379997,79.113983,494900
2010-05-04,83.449997,83.480003,83.419998,83.430000,79.161438,1219600
2010-05-05,83.559998,83.690002,83.519997,83.540001,79.265869,1777200
2010-05-06,83.599998,83.830002,83.550003,83.720001,79.436638,1864500
2010-05-07,83.720001,83.809998,83.599998,83.690002,79.408173,3637100
2010-05-10,83.500000,83.639999,83.489998,83.580002,79.303787,1349100
2010-05-11,83.639999,83.660004,83.580002,83.629997,79.351219,709400
2010-05-12,83.620003,83.629997,83.570000,83.610001,79.332275,734200
2010-05-13,83.599998,83.660004,83.580002,83.660004,79.379692,992800
2010-05-14,83.699997,83.800003,83.690002,83.769997,79.484070,1110500
2010-05-17,83.760002,83.809998,83.709999,83.739998,79.455620,1433400
2010-05-18,83.720001,83.839996,83.699997,83.830002,79.541008,764200
2010-05-19,83.800003,83.860001,83.779999,83.790001,79.503036,3042700
2010-05-20,83.870003,83.949997,83.830002,83.889999,79.597961,4210900
2010-05-21,83.940002,83.959999,83.820000,83.830002,79.541008,2753800
2010-05-24,83.849998,83.870003,83.800003,83.820000,79.531502,1095600
2010-05-25,83.870003,83.900002,83.779999,83.809998,79.522011,1777400
2010-05-26,83.769997,83.769997,83.639999,83.739998,79.455620,1238600
2010-05-27,83.650002,83.690002,83.639999,83.680000,79.398682,1114900
2010-05-28,83.760002,83.849998,83.709999,83.839996,79.550507,751200
2010-06-01,83.760002,83.830002,83.739998,83.769997,79.551437,1439300
2010-06-02,83.760002,83.779999,83.699997,83.709999,79.494461,2091500
2010-06-03,83.660004,83.739998,83.650002,83.690002,79.475464,1095300
2010-06-04,83.830002,83.889999,83.820000,83.879997,79.655899,1429300
2010-06-07,83.800003,83.879997,83.790001,83.849998,79.627403,1553900
2010-06-08,83.830002,83.879997,83.809998,83.839996,79.617928,1050800
2010-06-09,83.809998,83.870003,83.800003,83.849998,79.627403,569400
2010-06-10,83.830002,83.830002,83.739998,83.739998,79.522964,656900
2010-06-11,83.809998,83.870003,83.769997,83.830002,79.608421,705200
2010-06-14,83.769997,83.860001,83.769997,83.849998,79.627403,694000
2010-06-15,83.860001,83.870003,83.790001,83.809998,79.589401,1212700
2010-06-16,83.870003,83.870003,83.809998,83.830002,79.608421,1467000
2010-06-17,83.860001,83.949997,83.860001,83.879997,79.655899,1394200
2010-06-18,83.889999,83.910004,83.870003,83.889999,79.665436,592000
2010-06-21,83.830002,83.900002,83.809998,83.900002,79.674881,1900900
2010-06-22,83.870003,83.940002,83.860001,83.940002,79.712891,2290200
2010-06-23,83.949997,84.010002,83.949997,84.000000,79.769836,2075700
2010-06-24,84.019997,84.050003,83.980003,84.019997,79.788834,819200
2010-06-25,84.010002,84.070000,83.980003,84.050003,79.817360,959000
2010-06-28,84.080002,84.099998,84.050003,84.099998,79.864845,662000
2010-06-29,84.089996,84.139999,84.089996,84.139999,79.902847,1043400
2010-06-30,84.099998,84.129997,84.040001,84.120003,79.883842,1304200
2010-07-01,84.019997,84.080002,84.000000,84.019997,79.858147,1760800
2010-07-02,84.000000,84.029999,83.959999,84.019997,79.858147,565500
2010-07-06,84.000000,84.050003,83.959999,84.019997,79.858147,1365300
2010-07-07,84.040001,84.059998,83.980003,84.010002,79.848686,1024600
2010-07-08,84.000000,84.040001,83.970001,84.019997,79.858147,1074300
2010-07-09,84.000000,84.019997,83.970001,83.989998,79.829666,614300
2010-07-12,84.010002,84.019997,83.980003,84.000000,79.839127,1013900
2010-07-13,83.959999,83.980003,83.919998,83.940002,79.782150,1374000
2010-07-14,83.989998,84.059998,83.980003,84.029999,79.867638,1081800
2010-07-15,84.040001,84.110001,84.040001,84.050003,79.886688,540700
2010-07-16,84.070000,84.139999,84.050003,84.129997,79.962708,812400
2010-07-19,84.110001,84.129997,84.089996,84.099998,79.934227,529600
2010-07-20,84.139999,84.139999,84.099998,84.129997,79.962708,1246900
2010-07-21,84.120003,84.190002,84.110001,84.169998,80.000702,676700
2010-07-22,84.150002,84.160004,84.110001,84.139999,79.972229,591800
2010-07-23,84.139999,84.180000,84.099998,84.099998,79.934227,1075600
2010-07-26,84.099998,84.099998,84.050003,84.070000,79.905670,2052000
2010-07-27,84.050003,84.050003,84.000000,84.019997,79.858147,1320300
2010-07-28,84.080002,84.139999,84.040001,84.099998,79.934227,1274700
2010-07-29,84.150002,84.180000,84.120003,84.169998,80.000702,2207900
2010-07-30,84.239998,84.239998,84.190002,84.209999,80.038742,1064400
2010-08-02,84.129997,84.150002,84.110001,84.120003,80.020683,1174200
2010-08-03,84.180000,84.209999,84.169998,84.180000,80.077751,1444300
2010-08-04,84.169998,84.169998,84.110001,84.110001,80.011139,1962200
2010-08-05,84.150002,84.209999,84.139999,84.209999,80.106262,1559300
2010-08-06,84.230003,84.260002,84.209999,84.230003,80.125313,941200
2010-08-09,84.220001,84.230003,84.180000,84.180000,80.077751,1120200
2010-08-10,84.150002,84.230003,84.139999,84.220001,80.115784,1465900
2010-08-11,84.260002,84.279999,84.230003,84.239998,80.134827,748700
2010-08-12,84.250000,84.250000,84.190002,84.220001,80.115784,1556800
2010-08-13,84.209999,84.230003,84.199997,84.209999,80.106262,427900
2010-08-16,84.260002,84.290001,84.250000,84.290001,80.182365,652100
2010-08-17,84.260002,84.269997,84.220001,84.269997,80.163361,794000
2010-08-18,84.300003,84.300003,84.250000,84.290001,80.182365,838100
2010-08-19,84.269997,84.320000,84.260002,84.309998,80.201424,756200
2010-08-20,84.309998,84.309998,84.260002,84.279999,80.172890,703700
2010-08-23,84.260002,84.300003,84.260002,84.290001,80.182365,527800
2010-08-24,84.330002,84.370003,84.300003,84.349998,80.239479,1533700
2010-08-25,84.330002,84.360001,84.250000,84.269997,80.163361,1168600
2010-08-26,84.269997,84.300003,84.260002,84.269997,80.163361,724400
2010-08-27,84.239998,84.290001,84.180000,84.209999,80.106262,904100
2010-08-30,84.290001,84.320000,84.260002,84.309998,80.201424,726800
2010-08-31,84.320000,84.349998,84.300003,84.339996,80.229912,938600
2010-09-01,84.230003,84.260002,84.180000,84.220001,80.182343,2009100
2010-09-02,84.209999,84.239998,84.190002,84.199997,80.163277,1251400
2010-09-03,84.139999,84.190002,84.139999,84.160004,80.125214,892600
2010-09-07,84.190002,84.250000,84.190002,84.250000,80.210899,1104000
2010-09-08,84.209999,84.209999,84.160004,84.190002,80.153778,1677100
2010-09-09,84.180000,84.180000,84.080002,84.099998,80.068130,1291500
2010-09-10,84.080002,84.110001,84.070000,84.089996,80.058578,1096200
2010-09-13,84.120003,84.180000,84.099998,84.160004,80.125214,522000
2010-09-14,84.190002,84.230003,84.169998,84.220001,80.182343,968100
2010-09-15,84.250000,84.269997,84.220001,84.239998,80.201416,664400
2010-09-16,84.260002,84.269997,84.220001,84.260002,80.220444,730900
2010-09-17,84.260002,84.279999,84.250000,84.279999,80.239479,548800
2010-09-20,84.250000,84.290001,84.239998,84.290001,80.248962,1132900
2010-09-21,84.290001,84.370003,84.239998,84.349998,80.306129,1430900
2010-09-22,84.360001,84.379997,84.330002,84.339996,80.296585,1158200
2010-09-23,84.379997,84.389999,84.339996,84.349998,80.306129,779000
2010-09-24,84.330002,84.349998,84.320000,84.339996,80.296585,1214500
2010-09-27,84.360001,84.370003,84.330002,84.360001,80.315605,2443500
2010-09-28,84.360001,84.400002,84.349998,84.379997,80.334663,764700
2010-09-29,84.379997,84.389999,84.360001,84.360001,80.315605,798400
2010-09-30,84.379997,84.389999,84.320000,84.370003,80.325203,1451800
2010-10-01,84.300003,84.339996,84.300003,84.320000,80.339455,2388000
2010-10-04,84.349998,84.370003,84.330002,84.330002,80.348984,1035100
2010-10-05,84.360001,84.370003,84.339996,84.370003,80.387093,945100
2010-10-06,84.410004,84.419998,84.379997,84.379997,80.396622,1772600
2010-10-07,84.430000,84.449997,84.419998,84.449997,80.463318,1430200
2010-10-08,84.470001,84.489998,84.449997,84.449997,80.463318,1604700
2010-10-11,84.470001,84.500000,84.419998,84.459999,80.472824,1051900
2010-10-12,84.480003,84.480003,84.400002,84.400002,80.415649,950600
2010-10-13,84.440002,84.440002,84.379997,84.410004,80.425186,645700
2010-10-14,84.419998,84.419998,84.370003,84.370003,80.387093,1130100
2010-10-15,84.440002,84.449997,84.389999,84.400002,80.415649,883700
2010-10-18,84.419998,84.449997,84.419998,84.419998,80.434715,765500
2010-10-19,84.430000,84.470001,84.430000,84.459999,80.472824,740900
2010-10-20,84.470001,84.489998,84.440002,84.470001,80.482346,1247500
2010-10-21,84.470001,84.489998,84.449997,84.480003,80.491905,1035700
2010-10-22,84.470001,84.480003,84.459999,84.459999,80.472824,522000
2010-10-25,84.470001,84.510002,84.470001,84.480003,80.491905,1594800
2010-10-26,84.419998,84.430000,84.389999,84.400002,80.415649,1325400
2010-10-27,84.400002,84.410004,84.360001,84.360001,80.377563,751900
2010-10-28,84.440002,84.470001,84.419998,84.470001,80.482346,782300
2010-10-29,84.480003,84.510002,84.459999,84.489998,80.501434,875500
2010-11-01,84.440002,84.459999,84.430000,84.459999,80.536705,709700
2010-11-02,84.430000,84.449997,84.410004,84.410004,80.488991,610100
2010-11-03,84.440002,84.449997,84.330002,84.440002,80.517647,643400
2010-11-04,84.459999,84.480003,84.459999,84.459999,80.536705,874600
2010-11-05,84.430000,84.449997,84.379997,84.389999,80.469948,1782600
2010-11-08,84.370003,84.379997,84.330002,84.349998,80.431839,1086100
2010-11-09,84.370003,84.370003,84.239998,84.239998,80.326942,1709900
2010-11-10,84.250000,84.290001,84.169998,84.290001,80.374565,1019100
2010-11-11,84.269997,84.279999,84.129997,84.160004,80.250656,553500
2010-11-12,84.209999,84.250000,84.160004,84.160004,80.250656,1465400
2010-11-15,84.110001,84.180000,84.089996,84.110001,80.202980,1869600
2010-11-16,84.150002,84.180000,84.110001,84.150002,80.241096,1070400
2010-11-17,84.199997,84.220001,84.169998,84.199997,80.288765,1860000
2010-11-18,84.160004,84.209999,84.129997,84.209999,80.298286,799100
2010-11-19,84.169998,84.190002,84.160004,84.160004,80.250656,1324400
2010-11-22,84.160004,84.250000,84.160004,84.239998,80.326942,741000
2010-11-23,84.309998,84.320000,84.279999,84.290001,80.374565,722600
2010-11-24,84.230003,84.239998,84.129997,84.139999,80.231575,1604700
2010-11-26,84.150002,84.199997,84.150002,84.199997,80.288765,221300
2010-11-29,84.209999,84.209999,84.160004,84.190002,80.279266,664000
2010-11-30,84.250000,84.269997,84.230003,84.250000,80.336433,884500
2010-12-01,84.110001,84.120003,84.050003,84.059998,80.216209,1000000
2010-12-02,84.059998,84.099998,84.029999,84.059998,80.216209,896500
2010-12-03,84.160004,84.190002,84.120003,84.169998,80.321167,1364900
2010-12-06,84.220001,84.250000,84.199997,84.220001,80.368896,1686500
2010-12-07,84.199997,84.199997,84.040001,84.070000,80.225746,1018800
2010-12-08,83.980003,83.989998,83.900002,83.940002,80.101707,1235900
2010-12-09,83.959999,83.980003,83.900002,83.930000,80.092133,1132700
2010-12-10,83.949997,83.959999,83.889999,83.900002,80.063530,912300
2010-12-13,83.910004,83.989998,83.879997,83.949997,80.111244,944200
2010-12-14,83.959999,83.970001,83.849998,83.910004,80.073074,873100
2010-12-15,83.889999,83.949997,83.830002,83.879997,80.044418,720700
2010-12-16,83.860001,83.930000,83.820000,83.900002,80.063530,1131600
2010-12-17,83.900002,83.989998,83.900002,83.970001,80.130348,1075900
2010-12-20,83.989998,84.040001,83.970001,83.989998,80.149445,621100
2010-12-21,83.989998,83.989998,83.930000,83.970001,80.130348,879700
2010-12-22,83.970001,83.980003,83.900002,83.949997,80.111244,526900
2010-12-23,83.879997,83.900002,83.839996,83.839996,80.006271,581000
2010-12-27,83.820000,83.889999,83.769997,83.889999,80.054008,730000
2010-12-28,83.790001,83.830002,83.709999,83.709999,79.947044,823400
2010-12-29,83.750000,83.940002,83.739998,83.910004,80.138046,1204800
2010-12-30,83.889999,83.900002,83.830002,83.879997,80.109360,1119100
2010-12-31,83.900002,83.989998,83.889999,83.980003,80.204880,664600
2011-01-03,83.940002,83.970001,83.900002,83.959999,80.185776,676200
2011-01-04,83.959999,84.010002,83.919998,83.940002,80.166702,2022500
2011-01-05,83.820000,83.849998,83.769997,83.790001,80.023438,1276200
2011-01-06,83.830002,83.900002,83.809998,83.879997,80.109360,1686600
2011-01-07,83.940002,84.019997,83.930000,84.000000,80.223991,792200
2011-01-10,84.000000,84.050003,84.000000,84.040001,80.262192,1202900
2011-01-11,84.050003,84.050003,83.980003,83.989998,80.214424,1060400
2011-01-12,83.949997,84.000000,83.930000,83.989998,80.214424,703200
2011-01-13,83.989998,84.029999,83.959999,84.019997,80.243065,685900
2011-01-14,84.040001,84.070000,84.010002,84.019997,80.243065,841900
2011-01-18,84.000000,84.040001,83.980003,84.000000,80.223991,692200
2011-01-19,84.019997,84.050003,84.010002,84.040001,80.262192,1450300
2011-01-20,84.019997,84.019997,83.940002,83.949997,80.176224,781700
2011-01-21,83.940002,83.980003,83.940002,83.970001,80.195328,463600
2011-01-24,83.940002,83.980003,83.940002,83.959999,80.185776,631800
2011-01-25,83.959999,84.040001,83.940002,84.019997,80.243065,1627100
2011-01-26,83.980003,84.010002,83.949997,84.000000,80.223991,1130100
2011-01-27,84.040001,84.070000,84.010002,84.059998,80.281281,917600
2011-01-28,84.050003,84.139999,84.040001,84.099998,80.319496,678500
2011-01-31,84.120003,84.129997,84.070000,84.089996,80.309959,1139000
2011-02-01,83.980003,83.980003,83.930000,83.930000,80.222008,1358700
2011-02-02,83.930000,83.959999,83.849998,83.879997,80.174210,1139300
2011-02-03,83.809998,83.839996,83.760002,83.800003,80.097740,1843800
2011-02-04,83.750000,83.779999,83.699997,83.730003,80.030823,612300
2011-02-07,83.669998,83.720001,83.650002,83.690002,79.992615,532500
2011-02-08,83.680000,83.690002,83.559998,83.580002,79.887444,1348600
2011-02-09,83.620003,83.690002,83.610001,83.639999,79.944824,1278000
2011-02-10,83.629997,83.660004,83.589996,83.599998,79.906563,607200
2011-02-11,83.650002,83.690002,83.599998,83.599998,79.906563,786700
2011-02-14,83.589996,83.620003,83.589996,83.599998,79.906563,1257700
2011-02-15,83.559998,83.639999,83.559998,83.639999,79.944824,981700
2011-02-16,83.610001,83.680000,83.589996,83.629997,79.935249,963300
2011-02-17,83.690002,83.739998,83.690002,83.730003,80.030823,1095900
2011-02-18,83.690002,83.769997,83.680000,83.760002,80.059509,709200
2011-02-22,83.800003,83.870003,83.769997,83.849998,80.145538,1885000
2011-02-23,83.860001,83.889999,83.820000,83.830002,80.126427,831600
2011-02-24,83.849998,83.889999,83.839996,83.870003,80.164635,666700
2011-02-25,83.839996,83.900002,83.839996,83.889999,80.183784,786000
2011-02-28,83.910004,83.949997,83.889999,83.919998,80.212463,667600
2011-03-01,83.809998,83.919998,83.809998,83.910004,80.261230,785200
2011-03-02,83.910004,83.930000,83.860001,83.870003,80.222984,834800
2011-03-03,83.750000,83.769997,83.699997,83.699997,80.060356,740400
2011-03-04,83.790001,83.889999,83.790001,83.889999,80.242073,627700
2011-03-07,83.809998,83.889999,83.809998,83.830002,80.184700,668500
2011-03-08,83.790001,83.820000,83.769997,83.800003,80.155991,863500
2011-03-09,83.849998,83.910004,83.820000,83.860001,80.213394,924200
2011-03-10,83.889999,83.970001,83.860001,83.949997,80.299477,692000
2011-03-11,83.949997,83.980003,83.930000,83.959999,80.309044,678200
2011-03-14,84.029999,84.089996,84.010002,84.010002,80.356850,1522200
2011-03-15,84.129997,84.139999,83.970001,83.970001,80.318611,1152200
2011-03-16,84.040001,84.160004,84.019997,84.120003,80.462082,2603900
2011-03-17,84.059998,84.089996,84.010002,84.080002,80.423866,1012000
2011-03-18,84.040001,84.080002,84.029999,84.040001,80.385574,814000
2011-03-21,84.010002,84.010002,83.940002,83.949997,80.299477,611900
2011-03-22,83.900002,83.949997,83.900002,83.930000,80.280342,1402600
2011-03-23,84.000000,84.000000,83.930000,83.940002,80.289932,868700
2011-03-24,83.910004,83.940002,83.870003,83.879997,80.232552,1038400
2011-03-25,83.919998,83.919998,83.800003,83.820000,80.175156,811100
2011-03-28,83.779999,83.830002,83.760002,83.779999,80.136887,1493000
2011-03-29,83.790001,83.820000,83.739998,83.750000,80.108185,863400
2011-03-30,83.779999,83.809998,83.769997,83.800003,80.155991,631200
2011-03-31,83.830002,83.849998,83.750000,83.750000,80.108185,935200
2011-04-01,83.610001,83.750000,83.599998,83.750000,80.172325,855800
2011-04-04,83.769997,83.809998,83.760002,83.769997,80.191452,1159400
2011-04-05,83.739998,83.769997,83.680000,83.680000,80.105301,1581000
2011-04-06,83.680000,83.709999,83.660004,83.680000,80.105301,663000
2011-04-07,83.699997,83.760002,83.690002,83.739998,80.162758,501800
2011-04-08,83.699997,83.730003,83.690002,83.709999,80.134018,692200
2011-04-11,83.709999,83.730003,83.680000,83.699997,80.124458,679500
2011-04-12,83.760002,83.839996,83.760002,83.839996,80.258461,826100
2011-04-13,83.800003,83.889999,83.779999,83.879997,80.296791,859000
2011-04-14,83.870003,83.900002,83.800003,83.800003,80.220184,919400
2011-04-15,83.870003,83.959999,83.870003,83.959999,80.373329,1139000
2011-04-18,83.989998,84.029999,83.970001,83.980003,80.392494,616000
2011-04-19,84.000000,84.019997,83.980003,84.000000,80.411644,628400
2011-04-20,83.970001,84.000000,83.940002,83.989998,80.402107,746700
2011-04-21,83.989998,84.010002,83.959999,83.970001,80.382927,1119500
2011-04-25,83.970001,84.010002,83.949997,83.980003,80.392494,1049600
2011-04-26,84.019997,84.080002,84.000000,84.059998,80.469093,569000
2011-04-27,84.010002,84.089996,83.980003,84.089996,80.497803,1169700
2011-04-28,84.110001,84.120003,84.080002,84.089996,80.497803,704400
2011-04-29,84.099998,84.150002,84.080002,84.129997,80.536095,803000
2011-05-02,84.070000,84.099998,84.050003,84.050003,80.522682,716200
2011-05-03,84.080002,84.089996,84.050003,84.080002,80.551430,451000
2011-05-04,84.080002,84.139999,84.040001,84.120003,80.589737,1527400
2011-05-05,84.110001,84.139999,84.099998,84.139999,80.608902,899600
2011-05-06,84.089996,84.190002,84.070000,84.150002,80.618477,1627000
2011-05-09,84.190002,84.199997,84.169998,84.190002,80.656799,530900
2011-05-10,84.169998,84.169998,84.110001,84.110001,80.580215,725400
2011-05-11,84.129997,84.199997,84.120003,84.190002,80.656799,1403100
2011-05-12,84.190002,84.190002,84.129997,84.150002,80.618477,745000
2011-05-13,84.169998,84.209999,84.160004,84.190002,80.656799,683200
2011-05-16,84.190002,84.230003,84.169998,84.230003,80.695107,1458600
2011-05-17,84.220001,84.269997,84.209999,84.239998,80.704697,949700
2011-05-18,84.220001,84.230003,84.180000,84.199997,80.666382,1321800
2011-05-19,84.110001,84.230003,84.110001,84.209999,80.675995,756000
2011-05-20,84.230003,84.260002,84.220001,84.239998,80.704697,1059900
2011-05-23,84.269997,84.279999,84.239998,84.250000,80.714317,708400
2011-05-24,84.230003,84.260002,84.220001,84.250000,80.714317,903000
2011-05-25,84.290001,84.290001,84.260002,84.290001,80.752602,712100
2011-05-26,84.300003,84.339996,84.300003,84.339996,80.800468,653800
2011-05-27,84.330002,84.370003,84.320000,84.370003,80.829224,635700
2011-05-31,84.320000,84.389999,84.320000,84.370003,80.829224,775300
2011-06-01,84.320000,84.370003,84.320000,84.360001,80.882980,2248000
2011-06-02,84.320000,84.349998,84.300003,84.309998,80.834984,696300
2011-06-03,84.379997,84.379997,84.309998,84.339996,80.863762,975500
2011-06-06,84.330002,84.379997,84.320000,84.349998,80.873360,1836500
2011-06-07,84.360001,84.410004,84.330002,84.410004,80.930855,1384700
2011-06-08,84.389999,84.440002,84.389999,84.419998,80.940460,914300
2011-06-09,84.389999,84.400002,84.320000,84.330002,80.854202,1145900
2011-06-10,84.360001,84.400002,84.360001,84.400002,80.921288,717200
2011-06-13,84.360001,84.419998,84.339996,84.370003,80.892509,898400
2011-06-14,84.309998,84.349998,84.300003,84.300003,80.825447,1300600
2011-06-15,84.349998,84.440002,84.349998,84.419998,80.940460,695100
2011-06-16,84.430000,84.440002,84.389999,84.430000,80.950096,1112300
2011-06-17,84.430000,84.449997,84.410004,84.449997,80.969185,1689000
2011-06-20,84.440002,84.449997,84.400002,84.449997,80.969185,917300
2011-06-21,84.410004,84.459999,84.410004,84.459999,80.978798,7491500
2011-06-22,84.470001,84.480003,84.419998,84.440002,80.959618,1174000
2011-06-23,84.489998,84.510002,84.470001,84.489998,81.007607,1875000
2011-06-24,84.489998,84.550003,84.470001,84.540001,81.055511,1068600
2011-06-27,84.500000,84.519997,84.430000,84.459999,80.978798,1431800
2011-06-28,84.400002,84.430000,84.300003,84.309998,80.834984,1126700
2011-06-29,84.320000,84.339996,84.279999,84.309998,80.834984,1312800
2011-06-30,84.349998,84.360001,84.239998,84.300003,80.825447,1898000
2011-07-01,84.279999,84.290001,84.190002,84.209999,80.797600,3176800
2011-07-05,84.269997,84.320000,84.269997,84.309998,80.893532,1128700
2011-07-06,84.320000,84.360001,84.320000,84.339996,80.922318,669900
2011-07-07,84.290001,84.290001,84.230003,84.260002,80.845573,959800
2011-07-08,84.370003,84.410004,84.370003,84.379997,80.960670,830500
2011-07-11,84.400002,84.449997,84.400002,84.440002,81.018250,1723500
2011-07-12,84.430000,84.449997,84.389999,84.430000,81.008720,1065600
2011-07-13,84.430000,84.459999,84.410004,84.449997,81.027824,612400
2011-07-14,84.400002,84.440002,84.400002,84.419998,80.999077,920300
2011-07-15,84.400002,84.440002,84.389999,84.440002,81.018250,607500
2011-07-18,84.430000,84.459999,84.419998,84.440002,81.018250,1518000
2011-07-19,84.449997,84.470001,84.419998,84.440002,81.018250,850000
2011-07-20,84.419998,84.440002,84.400002,84.410004,80.989471,615600
2011-07-21,84.400002,84.419998,84.360001,84.370003,80.951088,718900
2011-07-22,84.410004,84.430000,84.379997,84.379997,80.960670,712600
2011-07-25,84.360001,84.400002,84.339996,84.339996,80.922318,3881100
2011-07-26,84.360001,84.410004,84.360001,84.389999,80.970322,1157200
2011-07-27,84.370003,84.379997,84.320000,84.339996,80.922318,1120100
2011-07-28,84.419998,84.430000,84.379997,84.389999,80.970322,3369200
2011-07-29,84.430000,84.510002,84.430000,84.480003,81.056648,1178200
2011-08-01,84.400002,84.449997,84.379997,84.389999,81.028801,2428900
2011-08-02,84.459999,84.510002,84.440002,84.500000,81.134422,1104600
2011-08-03,84.470001,84.510002,84.459999,84.489998,81.124809,2656600
2011-08-04,84.480003,84.580002,84.480003,84.570000,81.201637,2556300
2011-08-05,84.510002,84.580002,84.489998,84.550003,81.182404,3777400
2011-08-08,84.559998,84.639999,84.559998,84.580002,81.211250,3003000
2011-08-09,84.550003,84.739998,84.510002,84.669998,81.297661,5224400
2011-08-10,84.709999,84.750000,84.680000,84.730003,81.355240,2682500
2011-08-11,84.709999,84.730003,84.680000,84.709999,81.336067,1352200
2011-08-12,84.690002,84.720001,84.669998,84.720001,81.345650,4026200
2011-08-15,84.699997,84.699997,84.660004,84.690002,81.316879,924400
2011-08-16,84.680000,84.690002,84.660004,84.690002,81.316879,2724700
2011-08-17,84.699997,84.709999,84.660004,84.709999,81.336067,1471600
2011-08-18,84.730003,84.739998,84.690002,84.699997,81.326447,1197000
2011-08-19,84.669998,84.699997,84.669998,84.699997,81.326447,1894500
2011-08-22,84.680000,84.690002,84.669998,84.690002,81.316879,1112400
2011-08-23,84.669998,84.680000,84.650002,84.650002,81.278450,1531000
2011-08-24,84.660004,84.669998,84.629997,84.650002,81.278450,780700
2011-08-25,84.680000,84.709999,84.680000,84.699997,81.326447,1397200
2011-08-26,84.720001,84.739998,84.699997,84.709999,81.336067,1011300
2011-08-29,84.699997,84.709999,84.680000,84.690002,81.316879,533300
2011-08-30,84.699997,84.730003,84.699997,84.709999,81.336067,2234000
2011-08-31,84.730003,84.730003,84.669998,84.709999,81.336067,1416500
2011-09-01,84.680000,84.690002,84.639999,84.680000,81.359116,1562800
2011-09-02,84.660004,84.660004,84.620003,84.639999,81.320694,1988100
2011-09-06,84.639999,84.650002,84.610001,84.650002,81.330307,1125600
2011-09-07,84.620003,84.650002,84.620003,84.629997,81.311096,1087400
2011-09-08,84.669998,84.669998,84.639999,84.660004,81.339920,755600
2011-09-09,84.680000,84.699997,84.669998,84.690002,81.368744,921700
2011-09-12,84.669998,84.669998,84.629997,84.629997,81.311096,2117700
2011-09-13,84.629997,84.650002,84.620003,84.639999,81.320694,992400
2011-09-14,84.660004,84.680000,84.629997,84.639999,81.320694,808700
2011-09-15,84.629997,84.650002,84.610001,84.650002,81.330307,1466400
2011-09-16,84.620003,84.680000,84.620003,84.669998,81.349510,997900
2011-09-19,84.709999,84.720001,84.690002,84.709999,81.387947,644600
2011-09-20,84.680000,84.709999,84.669998,84.669998,81.349510,1905900
2011-09-21,84.699997,84.709999,84.580002,84.580002,81.263046,984800
2011-09-22,84.629997,84.639999,84.589996,84.589996,81.272614,2479700
2011-09-23,84.620003,84.620003,84.580002,84.599998,81.282265,2848600
2011-09-26,84.589996,84.589996,84.559998,84.570000,81.253410,977500
2011-09-27,84.529999,84.559998,84.529999,84.540001,81.224617,1303100
2011-09-28,84.519997,84.540001,84.500000,84.510002,81.195786,2755700
2011-09-29,84.519997,84.540001,84.510002,84.529999,81.214989,1206500
2011-09-30,84.559998,84.570000,84.529999,84.570000,81.253410,2114100
2011-10-03,84.519997,84.550003,84.500000,84.540001,81.271706,2885800
2011-10-04,84.529999,84.540001,84.489998,84.489998,81.223633,4037200
2011-10-05,84.500000,84.500000,84.470001,84.489998,81.223633,1734600
2011-10-06,84.470001,84.489998,84.470001,84.470001,81.204422,1221500
2011-10-07,84.459999,84.470001,84.400002,84.440002,81.175545,2255300
2011-10-10,84.470001,84.470001,84.349998,84.370003,81.108253,1532300
2011-10-11,84.400002,84.419998,84.389999,84.410004,81.146667,948000
2011-10-12,84.370003,84.410004,84.370003,84.410004,81.146667,3140200
2011-10-13,84.459999,84.470001,84.430000,84.430000,81.166000,2722800
2011-10-14,84.430000,84.480003,84.430000,84.470001,81.204422,1096600
2011-10-17,84.470001,84.489998,84.459999,84.480003,81.214020,834800
2011-10-18,84.480003,84.500000,84.470001,84.480003,81.214020,1390000
2011-10-19,84.470001,84.510002,84.470001,84.510002,81.242867,1987400
2011-10-20,84.489998,84.519997,84.480003,84.519997,81.252449,2206000
2011-10-21,84.510002,84.510002,84.480003,84.489998,81.223633,1426600
2011-10-24,84.489998,84.489998,84.470001,84.489998,81.223633,1742300
2011-10-25,84.489998,84.540001,84.470001,84.540001,81.271706,3601800
2011-10-26,84.500000,84.510002,84.480003,84.489998,81.223633,1070400
2011-10-27,84.480003,84.480003,84.419998,84.430000,81.166000,1521600
2011-10-28,84.459999,84.480003,84.419998,84.470001,81.204422,2016000
2011-10-31,84.510002,84.550003,84.510002,84.550003,81.281296,1376000
2011-11-01,84.540001,84.540001,84.500000,84.510002,81.288986,5677600
2011-11-02,84.519997,84.550003,84.519997,84.529999,81.308235,1863600
2011-11-03,84.529999,84.540001,84.519997,84.540001,81.317856,1559800
2011-11-04,84.519997,84.550003,84.519997,84.540001,81.317856,618700
2011-11-07,84.540001,84.559998,84.519997,84.519997,81.298645,1082500
2011-11-08,84.510002,84.540001,84.510002,84.510002,81.288986,711300
2011-11-09,84.519997,84.550003,84.519997,84.529999,81.308235,1154900
2011-11-10,84.540001,84.550003,84.519997,84.540001,81.317856,3677900
2011-11-11,84.519997,84.540001,84.500000,84.500000,81.279381,1011800
2011-11-14,84.510002,84.570000,84.510002,84.540001,81.317856,2637100
2011-11-15,84.540001,84.550003,84.519997,84.529999,81.308235,788200
2011-11-16,84.529999,84.540001,84.510002,84.510002,81.288986,978300
2011-11-17,84.500000,84.519997,84.489998,84.519997,81.298645,1751200
2011-11-18,84.500000,84.510002,84.480003,84.489998,81.269791,1504000
2011-11-21,84.500000,84.500000,84.480003,84.500000,81.279381,1352100
2011-11-22,84.519997,84.519997,84.489998,84.510002,81.288986,2871900
2011-11-23,84.489998,84.529999,84.489998,84.519997,81.298645,1470200
2011-11-25,84.519997,84.519997,84.500000,84.519997,81.298645,554700
2011-11-28,84.480003,84.529999,84.480003,84.529999,81.308235,1210200
2011-11-29,84.519997,84.540001,84.510002,84.540001,81.317856,1693200
2011-11-30,84.510002,84.540001,84.500000,84.540001,81.317856,1486200
2011-12-01,84.500000,84.500000,84.459999,84.500000,81.322685,6682400
2011-12-02,84.489998,84.489998,84.459999,84.480003,81.303436,1780300
2011-12-05,84.480003,84.500000,84.470001,84.489998,81.313011,1356600
2011-12-06,84.480003,84.500000,84.470001,84.489998,81.313011,817300
2011-12-07,84.489998,84.519997,84.489998,84.519997,81.341896,1330000
2011-12-08,84.529999,84.540001,84.510002,84.529999,81.351524,2097100
2011-12-09,84.529999,84.540001,84.519997,84.529999,81.351524,1726600
2011-12-12,84.519997,84.540001,84.519997,84.529999,81.351524,1750800
2011-12-13,84.519997,84.540001,84.510002,84.529999,81.351524,836100
2011-12-14,84.489998,84.519997,84.489998,84.510002,81.332306,2196200
2011-12-15,84.519997,84.519997,84.489998,84.500000,81.322685,2872000
2011-12-16,84.529999,84.540001,84.510002,84.540001,81.361176,2330700
2011-12-19,84.529999,84.540001,84.510002,84.529999,81.351524,1544000
2011-12-20,84.519997,84.519997,84.489998,84.510002,81.332306,1549200
2011-12-21,84.489998,84.500000,84.459999,84.480003,81.303436,1205300
2011-12-22,84.470001,84.480003,84.440002,84.470001,81.293816,2395300
2011-12-23,84.449997,84.489998,84.440002,84.489998,81.313011,1029000
2011-12-27,84.400002,84.419998,84.400002,84.419998,81.283203,669100
2011-12-28,84.400002,84.449997,84.400002,84.440002,81.302467,2493200
2011-12-29,84.430000,84.459999,84.430000,84.449997,81.312065,1510900
2011-12-30,84.480003,84.500000,84.459999,84.500000,81.360229,2343700
2012-01-03,84.489998,84.489998,84.449997,84.449997,81.312065,5743100
2012-01-04,84.459999,84.470001,84.449997,84.459999,81.321716,1767300
2012-01-05,84.449997,84.480003,84.449997,84.470001,81.331329,1583400
2012-01-06,84.470001,84.849998,84.449997,84.459999,81.321716,2068000
2012-01-09,84.489998,84.489998,84.470001,84.480003,81.340950,1236100
2012-01-10,84.480003,84.510002,84.470001,84.489998,81.350586,813400
2012-01-11,84.500000,84.529999,84.500000,84.519997,81.379471,2467000
2012-01-12,84.510002,84.540001,84.510002,84.510002,81.369858,2119900
2012-01-13,84.540001,84.540001,84.529999,84.529999,81.389122,1151800
2012-01-17,84.540001,84.559998,84.529999,84.540001,81.398743,2337200
2012-01-18,84.540001,84.550003,84.529999,84.529999,81.389122,1189700
2012-01-19,84.519997,84.540001,84.500000,84.529999,81.389122,2062000
2012-01-20,84.500000,84.519997,84.500000,84.510002,81.369858,2601600
2012-01-23,84.510002,84.519997,84.489998,84.519997,81.379471,2628500
2012-01-24,84.519997,84.519997,84.489998,84.519997,81.379471,3799300
2012-01-25,84.510002,84.589996,84.510002,84.570000,81.427650,2108000
2012-01-26,84.570000,84.599998,84.570000,84.580002,81.437271,1436100
2012-01-27,84.589996,84.599998,84.580002,84.599998,81.456528,1297900
2012-01-30,84.570000,84.589996,84.570000,84.570000,81.427650,1885700
2012-01-31,84.550003,84.570000,84.550003,84.570000,81.427650,2644300
2012-02-01,84.529999,84.550003,84.510002,84.510002,81.399719,5980200
2012-02-02,84.519997,84.540001,84.510002,84.519997,81.409317,2990400
2012-02-03,84.510002,84.529999,84.500000,84.519997,81.409317,2434800
2012-02-06,84.519997,84.519997,84.500000,84.500000,81.390076,2384500
2012-02-07,84.500000,84.500000,84.470001,84.480003,81.370796,1930100
2012-02-08,84.459999,84.489998,84.459999,84.480003,81.370796,1207300
2012-02-09,84.480003,84.480003,84.440002,84.440002,81.332291,766500
2012-02-10,84.440002,84.470001,84.440002,84.459999,81.351532,1025300
2012-02-13,84.440002,84.459999,84.410004,84.410004,81.303345,1083500
2012-02-14,84.410004,84.430000,84.410004,84.430000,81.322639,1069400
2012-02-15,84.419998,84.459999,84.410004,84.440002,81.332291,1229700
2012-02-16,84.440002,84.449997,84.410004,84.410004,81.303345,1467200
2012-02-17,84.410004,84.419998,84.389999,84.389999,81.284119,827900
2012-02-21,84.400002,84.400002,84.370003,84.370003,81.264809,1954600
2012-02-22,84.389999,84.410004,84.379997,84.410004,81.303345,1604800
2012-02-23,84.389999,84.419998,84.389999,84.400002,81.293747,3341900
2012-02-24,84.400002,84.410004,84.379997,84.379997,81.274460,3698600
2012-02-27,84.419998,84.430000,84.400002,84.400002,81.293747,1060900
2012-02-28,84.419998,84.440002,84.410004,84.419998,81.312996,982800
2012-02-29,84.419998,84.419998,84.389999,84.419998,81.312996,656500
2012-03-01,84.349998,84.370003,84.349998,84.370003,81.298523,1044000
2012-03-02,84.379997,84.400002,84.379997,84.389999,81.317825,914500
2012-03-05,84.379997,84.389999,84.370003,84.389999,81.317825,1166200
2012-03-06,84.410004,84.410004,84.389999,84.389999,81.317825,2282700
2012-03-07,84.389999,84.400002,84.370003,84.370003,81.298523,587900
2012-03-08,84.370003,84.370003,84.339996,84.339996,81.269638,960100
2012-03-09,84.360001,84.370003,84.339996,84.339996,81.269638,660400
2012-03-12,84.360001,84.370003,84.339996,84.349998,81.279282,761700
2012-03-13,84.320000,84.330002,84.290001,84.300003,81.231110,1284700
2012-03-14,84.260002,84.269997,84.180000,84.180000,81.115479,1351500
2012-03-15,84.220001,84.260002,84.209999,84.230003,81.163643,3730100
2012-03-16,84.269997,84.290001,84.239998,84.279999,81.211823,2790700
2012-03-19,84.239998,84.250000,84.199997,84.220001,81.154007,2260800
2012-03-20,84.220001,84.239998,84.180000,84.199997,81.134766,793800
2012-03-21,84.230003,84.250000,84.209999,84.250000,81.182899,572200
2012-03-22,84.269997,84.269997,84.250000,84.260002,81.192558,840000
2012-03-23,84.279999,84.290001,84.269997,84.269997,81.202202,698400
2012-03-26,84.279999,84.290001,84.269997,84.290001,81.221481,1035600
2012-03-27,84.309998,84.330002,84.290001,84.320000,81.250404,1091100
2012-03-28,84.320000,84.339996,84.300003,84.300003,81.231110,736600
2012-03-29,84.330002,84.330002,84.309998,84.330002,81.260002,739200
2012-03-30,84.320000,84.330002,84.309998,84.320000,81.250404,949300
2012-04-02,84.330002,84.330002,84.290001,84.309998,81.269638,695600
2012-04-03,84.309998,84.309998,84.239998,84.250000,81.211823,1631600
2012-04-04,84.300003,84.300003,84.260002,84.269997,81.231087,1395900
2012-04-05,84.290001,84.300003,84.279999,84.300003,81.260017,758900
2012-04-09,84.330002,84.360001,84.330002,84.360001,81.317848,898600
2012-04-10,84.360001,84.400002,84.349998,84.400002,81.356430,1024900
2012-04-11,84.370003,84.400002,84.370003,84.389999,81.346764,2299100
2012-04-12,84.410004,84.410004,84.389999,84.400002,81.356430,845700
2012-04-13,84.419998,84.419998,84.400002,84.410004,81.366066,2859200
2012-04-16,84.419998,84.430000,84.410004,84.410004,81.366066,569900
2012-04-17,84.419998,84.430000,84.400002,84.410004,81.366066,773000
2012-04-18,84.440002,84.440002,84.419998,84.430000,81.385315,469200
2012-04-19,84.419998,84.440002,84.419998,84.440002,81.394966,558800
2012-04-20,84.430000,84.440002,84.410004,84.440002,81.394966,503200
2012-04-23,84.459999,84.459999,84.440002,84.459999,81.414223,741000
2012-04-24,84.459999,84.470001,84.430000,84.430000,81.385315,1149600
2012-04-25,84.419998,84.459999,84.419998,84.449997,81.404594,914100
2012-04-26,84.459999,84.470001,84.440002,84.459999,81.414223,711600
2012-04-27,84.470001,84.470001,84.440002,84.440002,81.394966,741700
2012-04-30,84.470001,84.470001,84.449997,84.459999,81.414223,644700
2012-05-01,84.430000,84.449997,84.410004,84.430000,81.412308,8197400
2012-05-02,84.430000,84.440002,84.419998,84.440002,81.421974,2107000
2012-05-03,84.430000,84.449997,84.419998,84.430000,81.412308,876700
2012-05-04,84.459999,84.459999,84.449997,84.459999,81.441223,798700
2012-05-07,84.459999,84.470001,84.449997,84.459999,81.441223,1315200
2012-05-08,84.459999,84.470001,84.440002,84.470001,81.450874,1016600
2012-05-09,84.459999,84.470001,84.449997,84.459999,81.441223,1260700
2012-05-10,84.440002,84.459999,84.430000,84.449997,81.431587,1071300
2012-05-11,84.459999,84.459999,84.440002,84.459999,81.441223,432100
2012-05-14,84.449997,84.459999,84.449997,84.449997,81.431587,799600
2012-05-15,84.449997,84.470001,84.430000,84.440002,81.421974,3270000
2012-05-16,84.419998,84.430000,84.410004,84.430000,81.412308,1186300
2012-05-17,84.419998,84.419998,84.389999,84.389999,81.373711,1894100
2012-05-18,84.389999,84.400002,84.370003,84.400002,81.383438,2716100
2012-05-21,84.400002,84.410004,84.379997,84.410004,81.393013,954600
2012-05-22,84.400002,84.400002,84.379997,84.379997,81.364113,1193100
2012-05-23,84.410004,84.419998,84.389999,84.419998,81.402664,928000
2012-05-24,84.389999,84.389999,84.379997,84.389999,81.373711,644900
2012-05-25,84.419998,84.430000,84.389999,84.430000,81.412308,795600
2012-05-29,84.400002,84.430000,84.400002,84.410004,81.393013,1296100
2012-05-30,84.419998,84.459999,84.419998,84.449997,81.431587,1239600
2012-05-31,84.480003,84.489998,84.440002,84.480003,81.460548,3737600
2012-06-01,84.489998,84.489998,84.449997,84.459999,81.468246,2218600
2012-06-04,84.459999,84.470001,84.449997,84.449997,81.458588,5799600
2012-06-05,84.459999,84.470001,84.440002,84.470001,81.477898,1666200
2012-06-06,84.470001,84.470001,84.430000,84.440002,81.448967,1382500
2012-06-07,84.440002,84.440002,84.400002,84.430000,81.439278,2898800
2012-06-08,84.440002,84.440002,84.419998,84.430000,81.439278,1090400
2012-06-11,84.400002,84.430000,84.400002,84.430000,81.439278,1065300
2012-06-12,84.419998,84.419998,84.370003,84.389999,81.400711,1588500
2012-06-13,84.400002,84.400002,84.370003,84.379997,81.391083,537400
2012-06-14,84.410004,84.410004,84.379997,84.389999,81.400711,996000
2012-06-15,84.400002,84.419998,84.389999,84.419998,81.429665,478800
2012-06-18,84.410004,84.410004,84.389999,84.400002,81.410393,3803700
2012-06-19,84.400002,84.410004,84.389999,84.389999,81.400711,1761700
2012-06-20,84.400002,84.419998,84.349998,84.360001,81.371788,3044100
2012-06-21,84.360001,84.379997,84.360001,84.370003,81.381447,701000
2012-06-22,84.370003,84.379997,84.360001,84.379997,81.391083,1243300
2012-06-25,84.370003,84.400002,84.370003,84.379997,81.391083,2960900
2012-06-26,84.370003,84.379997,84.349998,84.360001,81.371788,3320900
2012-06-27,84.379997,84.379997,84.339996,84.360001,81.371788,3125900
2012-06-28,84.379997,84.389999,84.360001,84.370003,81.381447,907000
2012-06-29,84.349998,84.389999,84.349998,84.370003,81.381447,1163200
2012-07-02,84.349998,84.379997,84.349998,84.370003,81.406540,14979800
2012-07-03,84.360001,84.379997,84.349998,84.349998,81.387238,1127700
2012-07-05,84.370003,84.389999,84.370003,84.379997,81.416145,1205400
2012-07-06,84.410004,84.419998,84.400002,84.410004,81.445122,1603300
2012-07-09,84.419998,84.430000,84.410004,84.410004,81.445122,561100
2012-07-10,84.430000,84.430000,84.410004,84.410004,81.445122,490200
2012-07-11,84.419998,84.430000,84.410004,84.419998,81.454765,559500
2012-07-12,84.430000,84.440002,84.419998,84.440002,81.474060,356800
2012-07-13,84.449997,84.470001,84.430000,84.459999,81.493340,634100
2012-07-16,84.489998,84.510002,84.489998,84.489998,81.522324,830800
2012-07-17,84.480003,84.489998,84.470001,84.480003,81.512650,2200000
2012-07-18,84.480003,84.510002,84.480003,84.500000,81.531960,2998500
2012-07-19,84.510002,84.529999,84.510002,84.519997,81.551239,1443300
2012-07-20,84.519997,84.540001,84.510002,84.529999,81.560913,2246300
2012-07-23,84.540001,84.550003,84.519997,84.540001,81.570557,403900
2012-07-24,84.529999,84.540001,84.519997,84.519997,81.551239,2868800
2012-07-25,84.550003,84.550003,84.519997,84.529999,81.560913,1007100
2012-07-26,84.519997,84.529999,84.519997,84.529999,81.560913,2028400
2012-07-27,84.489998,84.510002,84.449997,84.470001,81.502998,907800
2012-07-30,84.500000,84.519997,84.489998,84.510002,81.541618,2318600
2012-07-31,84.540001,84.550003,84.519997,84.529999,81.560913,917000
2012-08-01,84.529999,84.529999,84.489998,84.489998,81.547371,2012600
2012-08-02,84.500000,84.519997,84.489998,84.500000,81.557030,591400
2012-08-03,84.480003,84.489998,84.459999,84.470001,81.528046,909300
2012-08-06,84.489998,84.489998,84.470001,84.480003,81.537743,2344700
2012-08-07,84.459999,84.459999,84.430000,84.440002,81.499115,644100
2012-08-08,84.440002,84.440002,84.400002,84.410004,81.470161,1274600
2012-08-09,84.400002,84.419998,84.400002,84.410004,81.470161,557300
2012-08-10,84.440002,84.440002,84.430000,84.430000,81.489464,622900
2012-08-13,84.430000,84.440002,84.430000,84.440002,81.499115,619000
2012-08-14,84.430000,84.430000,84.410004,84.419998,81.479858,1756500
2012-08-15,84.400002,84.410004,84.389999,84.389999,81.450867,694000
2012-08-16,84.400002,84.410004,84.370003,84.379997,81.441193,797700
2012-08-17,84.400002,84.400002,84.389999,84.389999,81.450867,577100
2012-08-20,84.389999,84.410004,84.389999,84.389999,81.450867,536500
2012-08-21,84.389999,84.400002,84.370003,84.389999,81.450867,1660500
2012-08-22,84.419998,84.449997,84.400002,84.440002,81.499115,632300
2012-08-23,84.449997,84.470001,84.440002,84.449997,81.508797,488900
2012-08-24,84.449997,84.459999,84.430000,84.449997,81.508797,646600
2012-08-27,84.449997,84.449997,84.440002,84.440002,81.499115,731000
2012-08-28,84.449997,84.449997,84.430000,84.449997,81.508797,759300
2012-08-29,84.440002,84.449997,84.430000,84.449997,81.508797,512600
2012-08-30,84.459999,84.480003,84.440002,84.459999,81.518440,664900
2012-08-31,84.480003,84.529999,84.480003,84.510002,81.566696,944900
2012-09-04,84.510002,84.510002,84.459999,84.480003,81.560905,1795800
2012-09-05,84.480003,84.489998,84.470001,84.480003,81.560905,575500
2012-09-06,84.440002,84.459999,84.430000,84.440002,81.522293,1133200
2012-09-07,84.459999,84.489998,84.449997,84.459999,81.541634,1666500
2012-09-10,84.449997,84.459999,84.440002,84.440002,81.522293,2298900
2012-09-11,84.449997,84.459999,84.440002,84.459999,81.541634,526500
2012-09-12,84.449997,84.459999,84.449997,84.449997,81.531944,1211800
2012-09-13,84.470001,84.500000,84.440002,84.480003,81.560905,783900
2012-09-14,84.480003,84.480003,84.430000,84.440002,81.522293,890100
2012-09-17,84.440002,84.449997,84.440002,84.440002,81.522293,1002700
2012-09-18,84.440002,84.449997,84.440002,84.449997,81.531944,626100
2012-09-19,84.440002,84.449997,84.440002,84.449997,81.531944,533300
2012-09-20,84.440002,84.459999,84.430000,84.430000,81.512596,702200
2012-09-21,84.430000,84.440002,84.419998,84.440002,81.522293,625100
2012-09-24,84.449997,84.449997,84.440002,84.449997,81.531944,578200
2012-09-25,84.430000,84.440002,84.419998,84.430000,81.512596,1278800
2012-09-26,84.440002,84.449997,84.430000,84.449997,81.531944,628800
2012-09-27,84.449997,84.470001,84.440002,84.459999,81.541634,446100
2012-09-28,84.480003,84.500000,84.470001,84.500000,81.580185,876400
2012-10-01,84.480003,84.480003,84.470001,84.480003,81.582146,2690600
2012-10-02,84.470001,84.470001,84.459999,84.459999,81.562859,677300
2012-10-03,84.459999,84.470001,84.459999,84.459999,81.562859,2717100
2012-10-04,84.459999,84.470001,84.449997,84.459999,81.562859,552900
2012-10-05,84.440002,84.449997,84.419998,84.419998,81.524200,1617700
2012-10-08,84.419998,84.440002,84.419998,84.430000,81.533829,350600
2012-10-09,84.419998,84.430000,84.419998,84.430000,81.533829,1039400
2012-10-10,84.419998,84.430000,84.419998,84.419998,81.524200,494500
2012-10-11,84.430000,84.430000,84.410004,84.410004,81.514549,624400
2012-10-12,84.410004,84.440002,84.410004,84.440002,81.543518,479000
2012-10-15,84.440002,84.440002,84.419998,84.419998,81.524200,342800
2012-10-16,84.419998,84.430000,84.410004,84.419998,81.524200,571500
2012-10-17,84.400002,84.410004,84.370003,84.370003,81.475922,563400
2012-10-18,84.370003,84.379997,84.360001,84.379997,81.485550,1273100
2012-10-19,84.360001,84.389999,84.360001,84.379997,81.485550,426500
2012-10-22,84.349998,84.370003,84.349998,84.349998,81.456612,264300
2012-10-23,84.379997,84.389999,84.360001,84.389999,81.495209,491700
2012-10-24,84.370003,84.400002,84.370003,84.379997,81.485550,1059300
2012-10-25,84.349998,84.370003,84.349998,84.349998,81.456612,588200
2012-10-26,84.379997,84.379997,84.360001,84.370003,81.475922,478400
2012-10-31,84.379997,84.419998,84.379997,84.419998,81.524200,1086600
2012-11-01,84.349998,84.410004,84.349998,84.400002,81.504875,732800
2012-11-02,84.370003,84.389999,84.370003,84.389999,81.495209,353200
2012-11-05,84.419998,84.419998,84.389999,84.389999,81.495209,2192500
2012-11-06,84.400002,84.410004,84.360001,84.360001,81.466225,583400
2012-11-07,84.419998,84.440002,84.419998,84.430000,81.533829,697600
2012-11-08,84.430000,84.440002,84.419998,84.430000,81.533829,779500
2012-11-09,84.430000,84.449997,84.419998,84.430000,81.533829,2365500
2012-11-12,84.419998,84.440002,84.419998,84.430000,81.533829,524300
2012-11-13,84.449997,84.449997,84.440002,84.440002,81.543518,917300
2012-11-14,84.440002,84.459999,84.440002,84.459999,81.562859,2273000
2012-11-15,84.459999,84.470001,84.449997,84.459999,81.562859,1048700
2012-11-16,84.449997,84.470001,84.449997,84.459999,81.562859,810500
2012-11-19,84.449997,84.459999,84.449997,84.449997,81.553177,951700
2012-11-20,84.449997,84.449997,84.430000,84.430000,81.533829,1248500
2012-11-21,84.410004,84.419998,84.410004,84.419998,81.524200,422200
2012-11-23,84.400002,84.419998,84.400002,84.419998,81.524200,157800
2012-11-26,84.419998,84.430000,84.410004,84.410004,81.514549,746400
2012-11-27,84.400002,84.430000,84.400002,84.419998,81.524200,527000
2012-11-28,84.430000,84.440002,84.419998,84.430000,81.533829,352700
2012-11-29,84.419998,84.440002,84.419998,84.430000,81.533829,496300
2012-11-30,84.440002,84.449997,84.440002,84.440002,81.543518,1053400
2012-12-03,84.430000,84.440002,84.410004,84.430000,81.553192,1090600
2012-12-04,84.430000,84.440002,84.430000,84.430000,81.553192,1624900
2012-12-05,84.440002,84.449997,84.440002,84.449997,81.572449,591000
2012-12-06,84.459999,84.459999,84.440002,84.449997,81.572449,685300
2012-12-07,84.419998,84.449997,84.419998,84.449997,81.572449,929500
2012-12-10,84.440002,84.449997,84.440002,84.449997,81.572449,770500
2012-12-11,84.449997,84.449997,84.430000,84.449997,81.572449,1157700
2012-12-12,84.440002,84.449997,84.430000,84.440002,81.562859,1108500
2012-12-13,84.440002,84.449997,84.430000,84.440002,81.562859,790400
2012-12-14,84.440002,84.459999,84.440002,84.459999,81.582153,566300
2012-12-17,84.449997,84.459999,84.419998,84.440002,81.562859,503900
2012-12-18,84.419998,84.430000,84.389999,84.389999,81.514542,1295600
2012-12-19,84.400002,84.410004,84.400002,84.410004,81.533821,1485100
2012-12-20,84.419998,84.419998,84.400002,84.400002,81.524200,1167500
2012-12-21,84.419998,84.430000,84.410004,84.410004,81.533821,899300
2012-12-24,84.410004,84.419998,84.410004,84.410004,81.533821,388400
2012-12-26,84.389999,84.410004,84.389999,84.389999,81.534813,677200
2012-12-27,84.389999,84.419998,84.389999,84.419998,81.563805,1351200
2012-12-28,84.410004,84.430000,84.410004,84.419998,81.563805,1334500
2012-12-31,84.449997,84.449997,84.389999,84.419998,81.563805,818700
2013-01-02,84.400002,84.410004,84.400002,84.400002,81.544487,2469100
2013-01-03,84.410004,84.430000,84.389999,84.400002,81.544487,1816100
2013-01-04,84.389999,84.410004,84.389999,84.410004,81.554123,1028700
2013-01-07,84.389999,84.410004,84.389999,84.410004,81.554123,672300
2013-01-08,84.400002,84.430000,84.400002,84.419998,81.563805,712300
2013-01-09,84.440002,84.449997,84.430000,84.449997,81.592773,1159100
2013-01-10,84.430000,84.449997,84.430000,84.440002,81.583145,1687300
2013-01-11,84.430000,84.440002,84.419998,84.430000,81.573463,824000
2013-01-14,84.449997,84.449997,84.430000,84.430000,81.573463,472400
2013-01-15,84.449997,84.459999,84.440002,84.440002,81.583145,521400
2013-01-16,84.440002,84.449997,84.440002,84.440002,81.583145,499800
2013-01-17,84.419998,84.440002,84.419998,84.430000,81.573463,5547800
2013-01-18,84.440002,84.440002,84.419998,84.430000,81.573463,390500
2013-01-22,84.440002,84.459999,84.430000,84.449997,81.592773,956100
2013-01-23,84.449997,84.459999,84.449997,84.449997,81.592773,747300
2013-01-24,84.449997,84.459999,84.440002,84.449997,81.592773,595500
2013-01-25,84.440002,84.440002,84.400002,84.410004,81.554123,694000
2013-01-28,84.370003,84.400002,84.370003,84.379997,81.525131,642300
2013-01-29,84.419998,84.419998,84.389999,84.389999,81.534813,672300
2013-01-30,84.400002,84.419998,84.389999,84.419998,81.563805,526500
2013-01-31,84.440002,84.440002,84.419998,84.430000,81.573463,641600
2013-02-01,84.419998,84.449997,84.400002,84.400002,81.564796,1081200
2013-02-04,84.419998,84.440002,84.410004,84.419998,81.584114,749700
2013-02-05,84.410004,84.419998,84.410004,84.419998,81.584114,2165500
2013-02-06,84.430000,84.440002,84.430000,84.440002,81.603447,1691600
2013-02-07,84.449997,84.449997,84.430000,84.440002,81.603447,672800
2013-02-08,84.419998,84.449997,84.419998,84.449997,81.613083,590500
2013-02-11,84.430000,84.440002,84.419998,84.419998,81.584114,755100
2013-02-12,84.419998,84.419998,84.400002,84.400002,81.564796,529600
2013-02-13,84.419998,84.419998,84.389999,84.389999,81.555107,505800
2013-02-14,84.400002,84.410004,84.400002,84.400002,81.564796,580400
2013-02-15,84.400002,84.410004,84.400002,84.410004,81.574409,1113600
2013-02-19,84.410004,84.419998,84.400002,84.400002,81.564796,793000
2013-02-20,84.400002,84.410004,84.400002,84.400002,81.564796,480300
2013-02-21,84.430000,84.440002,84.419998,84.430000,81.593773,610700
2013-02-22,84.430000,84.440002,84.430000,84.430000,81.593773,693200
2013-02-25,84.419998,84.459999,84.419998,84.449997,81.613083,433500
2013-02-26,84.449997,84.470001,84.449997,84.470001,81.632439,1370600
2013-02-27,84.459999,84.470001,84.459999,84.470001,81.632439,1158800
2013-02-28,84.459999,84.480003,84.459999,84.459999,81.622749,663800
2013-03-01,84.449997,84.459999,84.449997,84.459999,81.640167,1563100
2013-03-04,84.449997,84.459999,84.449997,84.449997,81.630493,485800
2013-03-05,84.440002,84.449997,84.440002,84.440002,81.620804,583200
2013-03-06,84.430000,84.430000,84.419998,84.430000,81.611145,452800
2013-03-07,84.419998,84.430000,84.410004,84.410004,81.591789,519800
2013-03-08,84.400002,84.419998,84.389999,84.419998,81.601532,727400
2013-03-11,84.419998,84.419998,84.410004,84.410004,81.591789,1269800
2013-03-12,84.419998,84.430000,84.410004,84.430000,81.611145,1154800
2013-03-13,84.410004,84.419998,84.400002,84.410004,81.591789,858800
2013-03-14,84.400002,84.419998,84.400002,84.410004,81.591789,480900
2013-03-15,84.419998,84.440002,84.410004,84.440002,81.620804,599400
2013-03-18,84.430000,84.459999,84.430000,84.459999,81.640167,416900
2013-03-19,84.459999,84.459999,84.440002,84.449997,81.630493,528700
2013-03-20,84.430000,84.440002,84.430000,84.440002,81.620804,592000
2013-03-21,84.430000,84.449997,84.430000,84.449997,81.630493,691200
2013-03-22,84.459999,84.459999,84.430000,84.430000,81.611145,593700
2013-03-25,84.430000,84.440002,84.430000,84.430000,81.611145,610500
2013-03-26,84.440002,84.440002,84.419998,84.440002,81.620804,504300
2013-03-27,84.459999,84.470001,84.440002,84.459999,81.640167,1263800
2013-03-28,84.440002,84.470001,84.440002,84.470001,81.649773,691200
2013-04-01,84.389999,84.459999,84.389999,84.459999,81.657570,1015600
2013-04-02,84.430000,84.470001,84.430000,84.459999,81.657570,5059900
2013-04-03,84.419998,84.459999,84.419998,84.449997,81.647881,723400
2013-04-04,84.459999,84.480003,84.459999,84.480003,81.676880,457100
2013-04-05,84.470001,84.480003,84.470001,84.480003,81.676880,614100
2013-04-08,84.459999,84.480003,84.459999,84.459999,81.657570,596500
2013-04-09,84.459999,84.480003,84.459999,84.459999,81.657570,1046800
2013-04-10,84.449997,84.470001,84.449997,84.459999,81.657570,1647200
2013-04-11,84.459999,84.470001,84.449997,84.459999,81.657570,4089300
2013-04-12,84.459999,84.480003,84.459999,84.470001,81.667206,486700
2013-04-15,84.470001,84.489998,84.470001,84.480003,81.676880,604000
2013-04-16,84.470001,84.480003,84.470001,84.480003,81.676880,533500
2013-04-17,84.470001,84.489998,84.470001,84.480003,81.676880,386900
2013-04-18,84.470001,84.489998,84.470001,84.480003,81.676880,1195100
2013-04-19,84.470001,84.480003,84.459999,84.480003,81.676880,591800
2013-04-22,84.480003,84.489998,84.459999,84.489998,81.686569,797400
2013-04-23,84.489998,84.489998,84.480003,84.480003,81.676880,524900
2013-04-24,84.480003,84.489998,84.470001,84.489998,81.686569,578300
2013-04-25,84.470001,84.500000,84.470001,84.480003,81.676880,688100
2013-04-26,84.480003,84.510002,84.480003,84.500000,81.696220,685900
2013-04-29,84.500000,84.519997,84.500000,84.519997,81.715553,496700
2013-04-30,84.529999,84.529999,84.510002,84.510002,81.705864,506700
2013-05-01,84.500000,84.519997,84.489998,84.510002,81.722298,1051500
2013-05-02,84.489998,84.510002,84.489998,84.500000,81.712639,544900
2013-05-03,84.500000,84.500000,84.470001,84.470001,81.683617,1145200
2013-05-06,84.489998,84.489998,84.470001,84.470001,81.683617,576100
2013-05-07,84.470001,84.489998,84.470001,84.470001,81.683617,539800
2013-05-08,84.480003,84.480003,84.470001,84.480003,81.693321,540000
2013-05-09,84.470001,84.480003,84.470001,84.470001,81.683617,353500
2013-05-10,84.470001,84.480003,84.449997,84.459999,81.674004,470800
2013-05-13,84.459999,84.459999,84.440002,84.440002,81.654648,829600
2013-05-14,84.440002,84.459999,84.430000,84.440002,81.654648,517900
2013-05-15,84.449997,84.459999,84.449997,84.449997,81.664299,538400
2013-05-16,84.459999,84.480003,84.459999,84.470001,81.683617,499400
2013-05-17,84.480003,84.480003,84.449997,84.449997,81.664299,460300
2013-05-20,84.480003,84.480003,84.440002,84.459999,81.674004,364700
2013-05-21,84.449997,84.470001,84.449997,84.459999,81.674004,440800
2013-05-22,84.459999,84.470001,84.430000,84.430000,81.644997,1022500
2013-05-23,84.449997,84.459999,84.430000,84.449997,81.664299,835700
2013-05-24,84.449997,84.449997,84.430000,84.430000,81.644997,1251800
2013-05-28,84.459999,84.459999,84.370003,84.370003,81.586960,995800
2013-05-29,84.370003,84.389999,84.360001,84.370003,81.586960,796000
2013-05-30,84.400002,84.400002,84.379997,84.389999,81.606285,1437300
2013-05-31,84.400002,84.400002,84.349998,84.379997,81.596626,1320700
2013-06-03,84.370003,84.410004,84.349998,84.389999,81.622734,2606400
2013-06-04,84.379997,84.389999,84.349998,84.389999,81.622734,764900
2013-06-05,84.370003,84.400002,84.360001,84.400002,81.632423,663900
2013-06-06,84.389999,84.410004,84.370003,84.389999,81.622734,1572400
2013-06-07,84.349998,84.379997,84.349998,84.379997,81.613075,501800
2013-06-10,84.339996,84.349998,84.320000,84.349998,81.584045,789800
2013-06-11,84.320000,84.339996,84.300003,84.339996,81.574371,683100
2013-06-12,84.320000,84.360001,84.309998,84.330002,81.564728,2149200
2013-06-13,84.309998,84.389999,84.309998,84.370003,81.603409,1568700
2013-06-14,84.389999,84.430000,84.389999,84.430000,81.661446,791700
2013-06-17,84.440002,84.440002,84.419998,84.430000,81.661446,890800
2013-06-18,84.410004,84.440002,84.389999,84.430000,81.661446,1762700
2013-06-19,84.419998,84.430000,84.320000,84.330002,81.564728,884400
2013-06-20,84.300003,84.339996,84.290001,84.320000,81.555046,3282200
2013-06-21,84.279999,84.300003,84.230003,84.250000,81.487358,3785200
2013-06-24,84.139999,84.230003,84.139999,84.209999,81.448631,1885200
2013-06-25,84.239998,84.239998,84.180000,84.199997,81.438965,2382600
2013-06-26,84.239998,84.250000,84.199997,84.239998,81.477646,1452800
2013-06-27,84.269997,84.300003,84.250000,84.290001,81.526039,2783900
2013-06-28,84.269997,84.309998,84.250000,84.279999,81.516342,3109100
2013-07-01,84.260002,84.309998,84.250000,84.300003,81.552155,4884800
2013-07-02,84.300003,84.309998,84.290001,84.309998,81.561813,1026500
2013-07-03,84.320000,84.320000,84.260002,84.300003,81.552155,692600
2013-07-05,84.190002,84.239998,84.190002,84.209999,81.465080,484500
2013-07-08,84.209999,84.279999,84.209999,84.269997,81.523109,753800
2013-07-09,84.300003,84.300003,84.250000,84.260002,81.513451,947900
2013-07-10,84.250000,84.269997,84.239998,84.260002,81.513451,1401900
2013-07-11,84.300003,84.330002,84.269997,84.330002,81.581161,835200
2013-07-12,84.309998,84.349998,84.279999,84.279999,81.532791,2106800
2013-07-15,84.309998,84.330002,84.300003,84.320000,81.571472,1025700
2013-07-16,84.349998,84.360001,84.320000,84.330002,81.581161,836000
2013-07-17,84.379997,84.400002,84.349998,84.360001,81.610161,728400
2013-07-18,84.370003,84.389999,84.339996,84.349998,81.600517,909900
2013-07-19,84.370003,84.400002,84.349998,84.389999,81.639206,519100
2013-07-22,84.379997,84.400002,84.360001,84.389999,81.639206,1377400
2013-07-23,84.389999,84.389999,84.360001,84.379997,81.629532,1087100
2013-07-24,84.339996,84.379997,84.309998,84.339996,81.590836,575400
2013-07-25,84.320000,84.389999,84.320000,84.389999,81.639206,582700
2013-07-26,84.379997,84.400002,84.370003,84.400002,81.648842,644800
2013-07-29,84.370003,84.400002,84.370003,84.389999,81.639206,440300
2013-07-30,84.379997,84.410004,84.379997,84.400002,81.648842,542100
2013-07-31,84.370003,84.410004,84.339996,84.400002,81.648842,1283900
2013-08-01,84.360001,84.370003,84.309998,84.349998,81.617920,6766100
2013-08-02,84.330002,84.410004,84.330002,84.410004,81.675949,1187100
2013-08-05,84.400002,84.410004,84.370003,84.400002,81.666283,870600
2013-08-06,84.370003,84.400002,84.370003,84.389999,81.656624,881800
2013-08-07,84.400002,84.410004,84.379997,84.410004,81.675949,704600
2013-08-08,84.389999,84.410004,84.389999,84.410004,81.675949,709400
2013-08-09,84.400002,84.410004,84.389999,84.389999,81.656624,566000
2013-08-12,84.430000,84.430000,84.389999,84.389999,81.656624,511600
2013-08-13,84.379997,84.379997,84.339996,84.349998,81.617920,531400
2013-08-14,84.349998,84.370003,84.339996,84.349998,81.617920,972600
2013-08-15,84.309998,84.339996,84.300003,84.320000,81.588890,704200
2013-08-16,84.309998,84.339996,84.290001,84.330002,81.598541,2293500
2013-08-19,84.320000,84.320000,84.279999,84.309998,81.579208,1951100
2013-08-20,84.320000,84.339996,84.320000,84.330002,81.598541,1649400
2013-08-21,84.320000,84.339996,84.279999,84.279999,81.550179,651200
2013-08-22,84.260002,84.279999,84.220001,84.250000,81.521149,735000
2013-08-23,84.190002,84.279999,84.190002,84.250000,81.521149,638200
2013-08-26,84.269997,84.300003,84.269997,84.279999,81.550179,733100
2013-08-27,84.279999,84.320000,84.279999,84.320000,81.588890,802800
2013-08-28,84.269997,84.300003,84.250000,84.269997,81.540512,709200
2013-08-29,84.269997,84.290001,84.239998,84.290001,81.559853,653200
2013-08-30,84.279999,84.300003,84.269997,84.300003,81.569519,847700
2013-09-03,84.209999,84.250000,84.199997,84.250000,81.538574,2991200
2013-09-04,84.209999,84.230003,84.160004,84.169998,81.461136,947200
2013-09-05,84.089996,84.120003,84.050003,84.089996,81.383728,1315100
2013-09-06,84.129997,84.199997,84.129997,84.169998,81.461136,765500
2013-09-09,84.180000,84.209999,84.180000,84.190002,81.480530,795600
2013-09-10,84.160004,84.169998,84.139999,84.160004,81.451462,922200
2013-09-11,84.180000,84.209999,84.160004,84.199997,81.490189,864100
2013-09-12,84.209999,84.230003,84.190002,84.199997,81.490189,1586100
2013-09-13,84.190002,84.220001,84.190002,84.199997,81.490189,564700
2013-09-16,84.320000,84.320000,84.260002,84.260002,81.548248,737400
2013-09-17,84.279999,84.309998,84.269997,84.290001,81.577255,668400
2013-09-18,84.290001,84.419998,84.260002,84.400002,81.683716,744300
2013-09-19,84.410004,84.430000,84.370003,84.370003,81.654724,5185900
2013-09-20,84.379997,84.389999,84.360001,84.379997,81.664345,606600
2013-09-23,84.360001,84.400002,84.360001,84.400002,81.683716,849600
2013-09-24,84.410004,84.419998,84.379997,84.410004,81.693405,674500
2013-09-25,84.410004,84.440002,84.389999,84.440002,81.722443,1570500
2013-09-26,84.449997,84.449997,84.389999,84.400002,81.683716,497100
2013-09-27,84.440002,84.470001,84.419998,84.449997,81.732147,2082200
2013-09-30,84.430000,84.470001,84.430000,84.470001,81.751488,1717500
2013-10-01,84.440002,84.449997,84.400002,84.430000,81.730186,7696500
2013-10-02,84.440002,84.459999,84.430000,84.440002,81.739883,1773800
2013-10-03,84.419998,84.459999,84.419998,84.440002,81.739883,693200
2013-10-04,84.419998,84.440002,84.410004,84.410004,81.710815,498600
2013-10-07,84.440002,84.440002,84.389999,84.410004,81.710815,602100
2013-10-08,84.389999,84.389999,84.330002,84.339996,81.643059,572200
2013-10-09,84.360001,84.379997,84.330002,84.370003,81.672112,696200
2013-10-10,84.349998,84.370003,84.349998,84.370003,81.672112,469700
2013-10-11,84.410004,84.419998,84.370003,84.370003,81.672112,889600
2013-10-14,84.349998,84.370003,84.320000,84.339996,81.643059,581200
2013-10-15,84.370003,84.389999,84.349998,84.370003,81.672112,1396400
2013-10-16,84.379997,84.410004,84.339996,84.400002,81.701157,785600
2013-10-17,84.440002,84.449997,84.419998,84.430000,81.730186,1823500
2013-10-18,84.440002,84.449997,84.430000,84.430000,81.730186,647100
2013-10-21,84.440002,84.449997,84.419998,84.430000,81.730186,453700
2013-10-22,84.470001,84.500000,84.470001,84.500000,81.797958,1274200
2013-10-23,84.500000,84.500000,84.470001,84.470001,81.768898,1109600
2013-10-24,84.470001,84.480003,84.459999,84.459999,81.759239,1312200
2013-10-25,84.480003,84.500000,84.459999,84.480003,81.778580,1739300
2013-10-28,84.470001,84.500000,84.470001,84.500000,81.797958,716400
2013-10-29,84.489998,84.500000,84.480003,84.500000,81.797958,548500
2013-10-30,84.500000,84.519997,84.489998,84.500000,81.797958,524500
2013-10-31,84.500000,84.510002,84.480003,84.510002,81.807640,1532500
2013-11-01,84.470001,84.480003,84.459999,84.459999,81.777611,1213600
2013-11-04,84.470001,84.489998,84.470001,84.480003,81.796982,933500
2013-11-05,84.480003,84.480003,84.449997,84.480003,81.796982,1523800
2013-11-06,84.500000,84.519997,84.489998,84.500000,81.816338,1145400
2013-11-07,84.519997,84.529999,84.510002,84.519997,81.835693,627300
2013-11-08,84.480003,84.489998,84.459999,84.459999,81.777611,1591100
2013-11-11,84.449997,84.480003,84.449997,84.480003,81.796982,257500
2013-11-12,84.440002,84.470001,84.440002,84.459999,81.777611,1296400
2013-11-13,84.470001,84.489998,84.459999,84.459999,81.777611,3394800
2013-11-14,84.489998,84.519997,84.480003,84.510002,81.826019,470300
2013-11-15,84.529999,84.529999,84.510002,84.510002,81.826019,544700
2013-11-18,84.529999,84.550003,84.510002,84.550003,81.864761,1592900
2013-11-19,84.519997,84.540001,84.519997,84.519997,81.835693,729700
2013-11-20,84.540001,84.570000,84.519997,84.529999,81.845383,862500
2013-11-21,84.540001,84.570000,84.529999,84.570000,81.884094,490600
2013-11-22,84.550003,84.550003,84.529999,84.550003,81.864761,661800
2013-11-25,84.550003,84.550003,84.529999,84.550003,81.864761,462700
2013-11-26,84.529999,84.559998,84.529999,84.559998,81.874458,505800
2013-11-27,84.550003,84.559998,84.540001,84.559998,81.874458,449600
2013-11-29,84.510002,84.570000,84.510002,84.570000,81.884094,627900
2013-12-02,84.440002,84.540001,84.440002,84.500000,81.834702,2508400
2013-12-03,84.519997,84.529999,84.519997,84.519997,81.854103,577400
2013-12-04,84.489998,84.519997,84.489998,84.500000,81.834702,827700
2013-12-05,84.500000,84.519997,84.480003,84.510002,81.844398,454600
2013-12-06,84.480003,84.500000,84.470001,84.480003,81.815384,984900
2013-12-09,84.480003,84.500000,84.470001,84.480003,81.815384,397300
2013-12-10,84.500000,84.510002,84.480003,84.510002,81.844398,390100
2013-12-11,84.489998,84.510002,84.480003,84.480003,81.815384,418400
2013-12-12,84.470001,84.470001,84.430000,84.449997,81.786293,1247900
2013-12-13,84.459999,84.470001,84.440002,84.470001,81.805672,445300
2013-12-16,84.449997,84.480003,84.449997,84.470001,81.805672,724700
2013-12-17,84.470001,84.489998,84.459999,84.489998,81.825043,826700
2013-12-18,84.470001,84.519997,84.459999,84.489998,81.825043,1675600
2013-12-19,84.440002,84.470001,84.430000,84.440002,81.776642,767900
2013-12-20,84.410004,84.449997,84.410004,84.410004,81.747574,851000
2013-12-23,84.419998,84.419998,84.400002,84.400002,81.737869,624400
2013-12-24,84.379997,84.400002,84.370003,84.370003,81.708847,711000
2013-12-26,84.349998,84.370003,84.339996,84.339996,81.700111,729000
2013-12-27,84.379997,84.389999,84.370003,84.379997,81.738853,423700
2013-12-30,84.389999,84.400002,84.379997,84.400002,81.758247,442900
2013-12-31,84.389999,84.410004,84.379997,84.379997,81.738853,609800
2014-01-02,84.400002,84.419998,84.389999,84.419998,81.777596,2412500
2014-01-03,84.389999,84.419998,84.379997,84.389999,81.748528,1062700
2014-01-06,84.379997,84.400002,84.379997,84.400002,81.758247,699500
2014-01-07,84.400002,84.400002,84.389999,84.400002,81.758247,664900
2014-01-08,84.370003,84.370003,84.309998,84.320000,81.680725,608600
2014-01-09,84.339996,84.339996,84.309998,84.339996,81.700111,1121100
2014-01-10,84.389999,84.430000,84.379997,84.419998,81.777596,491900
2014-01-13,84.430000,84.459999,84.430000,84.440002,81.797012,1269200
2014-01-14,84.430000,84.449997,84.400002,84.419998,81.777596,487000
2014-01-15,84.389999,84.389999,84.370003,84.389999,81.748528,800100
2014-01-16,84.400002,84.410004,84.389999,84.410004,81.767921,738600
2014-01-17,84.419998,84.419998,84.400002,84.410004,81.767921,418300
2014-01-21,84.419998,84.430000,84.400002,84.400002,81.758247,498600
2014-01-22,84.370003,84.389999,84.360001,84.360001,81.719482,622700
2014-01-23,84.360001,84.449997,84.360001,84.440002,81.797012,886600
2014-01-24,84.430000,84.500000,84.430000,84.470001,81.826050,781200
2014-01-27,84.449997,84.480003,84.440002,84.459999,81.816376,1166400
2014-01-28,84.470001,84.480003,84.449997,84.459999,81.816376,645100
2014-01-29,84.489998,84.519997,84.480003,84.519997,81.874489,538500
2014-01-30,84.500000,84.510002,84.480003,84.510002,81.864777,579400
2014-01-31,84.540001,84.550003,84.519997,84.550003,81.903534,939500
2014-02-03,84.510002,84.580002,84.489998,84.550003,81.925804,54448200
2014-02-04,84.529999,84.559998,84.529999,84.559998,81.935509,2357300
2014-02-05,84.529999,84.550003,84.519997,84.519997,81.896751,3985300
2014-02-06,84.519997,84.529999,84.500000,84.529999,81.906418,1420700
2014-02-07,84.519997,84.559998,84.519997,84.550003,81.925804,1426700
2014-02-10,84.540001,84.550003,84.519997,84.529999,81.906418,1571900
2014-02-11,84.500000,84.510002,84.489998,84.510002,81.887039,1295500
2014-02-12,84.489998,84.489998,84.459999,84.470001,81.848312,2196700
2014-02-13,84.500000,84.540001,84.449997,84.519997,81.896751,1334300
2014-02-14,84.519997,84.540001,84.510002,84.519997,81.896751,1279000
2014-02-18,84.529999,84.570000,84.529999,84.550003,81.925804,1081300
2014-02-19,84.570000,84.580002,84.519997,84.519997,81.896751,1357800
2014-02-20,84.500000,84.529999,84.500000,84.529999,81.906418,1012600
2014-02-21,84.510002,84.540001,84.500000,84.540001,81.916130,750300
2014-02-24,84.519997,84.540001,84.510002,84.540001,81.916130,1647600
2014-02-25,84.529999,84.550003,84.519997,84.529999,81.906418,666400
2014-02-26,84.529999,84.580002,84.529999,84.570000,81.945198,2079600
2014-02-27,84.570000,84.580002,84.559998,84.559998,81.935509,362600
2014-02-28,84.550003,84.570000,84.529999,84.559998,81.935509,2360500
2014-03-03,84.550003,84.589996,84.550003,84.589996,81.982033,2587200
2014-03-04,84.550003,84.550003,84.510002,84.519997,81.914185,49419100
2014-03-05,84.500000,84.550003,84.489998,84.550003,81.943260,2176200
2014-03-06,84.500000,84.519997,84.489998,84.500000,81.894798,1044400
2014-03-07,84.440002,84.480003,84.440002,84.440002,81.836670,807400
2014-03-10,84.430000,84.470001,84.430000,84.449997,81.846352,450100
2014-03-11,84.459999,84.470001,84.440002,84.449997,81.846352,337500
2014-03-12,84.489998,84.489998,84.470001,84.480003,81.875450,342400
2014-03-13,84.449997,84.529999,84.430000,84.529999,81.923851,2012000
2014-03-14,84.540001,84.540001,84.510002,84.510002,81.904457,1035600
2014-03-17,84.500000,84.510002,84.470001,84.480003,81.875450,659700
2014-03-18,84.489998,84.510002,84.480003,84.500000,81.894798,317000
2014-03-19,84.489998,84.510002,84.330002,84.360001,81.759117,567200
2014-03-20,84.360001,84.379997,84.349998,84.370003,81.768822,826800
2014-03-21,84.370003,84.389999,84.349998,84.379997,81.778526,452200
2014-03-24,84.309998,84.360001,84.309998,84.339996,81.739708,1761600
2014-03-25,84.339996,84.379997,84.339996,84.349998,81.749405,962000
2014-03-26,84.360001,84.430000,84.360001,84.410004,81.807579,598400
2014-03-27,84.379997,84.419998,84.379997,84.400002,81.797897,447800
2014-03-28,84.370003,84.410004,84.370003,84.400002,81.797897,335900
2014-03-31,84.389999,84.449997,84.379997,84.449997,81.846352,1502200
2014-04-01,84.400002,84.410004,84.379997,84.379997,81.798843,4107900
2014-04-02,84.360001,84.370003,84.349998,84.349998,81.769760,504800
2014-04-03,84.349998,84.379997,84.349998,84.370003,81.789162,2637400
2014-04-04,84.419998,84.440002,84.400002,84.440002,81.857002,726400
2014-04-07,84.440002,84.470001,84.440002,84.449997,81.866722,423300
2014-04-08,84.459999,84.470001,84.440002,84.459999,81.876419,455900
2014-04-09,84.449997,84.519997,84.419998,84.500000,81.915146,939600
2014-04-10,84.519997,84.559998,84.510002,84.550003,81.963623,731900
2014-04-11,84.550003,84.559998,84.529999,84.540001,81.953972,2225800
2014-04-14,84.570000,84.570000,84.500000,84.529999,81.944252,520300
2014-04-15,84.510002,84.540001,84.489998,84.529999,81.944252,303500
2014-04-16,84.500000,84.519997,84.489998,84.500000,81.915146,381100
2014-04-17,84.489998,84.500000,84.449997,84.480003,81.895798,2592700
2014-04-21,84.459999,84.480003,84.449997,84.480003,81.895798,592800
2014-04-22,84.459999,84.470001,84.440002,84.440002,81.857002,543100
2014-04-23,84.480003,84.500000,84.470001,84.480003,81.895798,553100
2014-04-24,84.449997,84.489998,84.449997,84.459999,81.876419,979000
2014-04-25,84.480003,84.500000,84.470001,84.470001,81.886070,270300
2014-04-28,84.470001,84.500000,84.470001,84.470001,81.886070,280400
2014-04-29,84.480003,84.480003,84.459999,84.459999,81.876419,401300
2014-04-30,84.500000,84.519997,84.500000,84.519997,81.934570,484000
2014-05-01,84.480003,84.519997,84.480003,84.500000,81.935501,1141100
2014-05-02,84.449997,84.500000,84.440002,84.489998,81.925812,543100
2014-05-05,84.489998,84.500000,84.470001,84.500000,81.935501,1540800
2014-05-06,84.470001,84.480003,84.459999,84.470001,81.906425,432900
2014-05-07,84.459999,84.519997,84.459999,84.500000,81.935501,645400
2014-05-08,84.519997,84.550003,84.500000,84.519997,81.954926,729300
2014-05-09,84.470001,84.550003,84.470001,84.550003,81.984009,361700
2014-05-12,84.510002,84.550003,84.510002,84.529999,81.964592,1001200
2014-05-13,84.559998,84.570000,84.540001,84.559998,81.993706,486500
2014-05-14,84.559998,84.620003,84.559998,84.589996,82.022812,644600
2014-05-15,84.589996,84.620003,84.580002,84.599998,82.032478,337200
2014-05-16,84.589996,84.620003,84.589996,84.610001,82.042191,446600
2014-05-19,84.620003,84.650002,84.610001,84.629997,82.061592,362200
2014-05-20,84.610001,84.650002,84.610001,84.639999,82.071281,349900
2014-05-21,84.610001,84.639999,84.610001,84.639999,82.071281,372800
2014-05-22,84.610001,84.629997,84.599998,84.620003,82.051895,468300
2014-05-23,84.629997,84.650002,84.559998,84.599998,82.032478,381500
2014-05-27,84.629997,84.629997,84.599998,84.620003,82.051895,850200
2014-05-28,84.639999,84.669998,84.639999,84.639999,82.071281,562000
2014-05-29,84.650002,84.680000,84.629997,84.629997,82.061592,1651000
2014-05-30,84.629997,84.660004,84.620003,84.650002,82.080978,895600
2014-06-02,84.599998,84.610001,84.559998,84.570000,82.025703,978100
2014-06-03,84.559998,84.580002,84.550003,84.550003,82.006302,411200
2014-06-04,84.559998,84.580002,84.550003,84.580002,82.035385,1034300
2014-06-05,84.559998,84.599998,84.559998,84.589996,82.045105,1187800
2014-06-06,84.580002,84.599998,84.550003,84.570000,82.025703,733600
2014-06-09,84.519997,84.540001,84.510002,84.510002,81.967484,586500
2014-06-10,84.660004,84.660004,84.489998,84.489998,81.948074,662600
2014-06-11,84.510002,84.519997,84.500000,84.519997,81.977196,288000
2014-06-12,84.500000,84.559998,84.500000,84.550003,82.006302,1129200
2014-06-13,84.449997,84.510002,84.449997,84.500000,81.957787,582100
2014-06-16,84.459999,84.489998,84.459999,84.480003,81.938400,337700
2014-06-17,84.419998,84.449997,84.410004,84.410004,81.870514,726900
2014-06-18,84.459999,84.480003,84.440002,84.480003,81.938400,540100
2014-06-19,84.500000,84.500000,84.459999,84.470001,81.928703,318700
2014-06-20,84.480003,84.480003,84.440002,84.470001,81.928703,508700
2014-06-23,84.500000,84.500000,84.459999,84.470001,81.928703,668600
2014-06-24,84.470001,84.500000,84.459999,84.500000,81.957787,576000
2014-06-25,84.500000,84.529999,84.500000,84.510002,81.967484,453700
2014-06-26,84.610001,84.610001,84.529999,84.529999,81.986870,368700
2014-06-27,84.559998,84.570000,84.540001,84.550003,82.006302,524900
2014-06-30,84.550003,84.570000,84.540001,84.559998,82.015991,1091800
2014-07-01,84.540001,84.540001,84.500000,84.500000,81.982025,542700
2014-07-02,84.459999,84.500000,84.459999,84.470001,81.952919,594300
2014-07-03,84.440002,84.459999,84.419998,84.459999,81.943253,492600
2014-07-07,84.410004,84.440002,84.410004,84.440002,81.923820,506100
2014-07-08,84.449997,84.470001,84.430000,84.459999,81.943253,627700
2014-07-09,84.440002,84.489998,84.400002,84.470001,81.952919,380900
2014-07-10,84.500000,84.540001,84.500000,84.510002,81.991730,466100
2014-07-11,84.540001,84.550003,84.519997,84.529999,82.011116,2614500
2014-07-14,84.500000,84.529999,84.500000,84.519997,82.001427,672900
2014-07-15,84.500000,84.550003,84.470001,84.480003,81.962631,435700
2014-07-16,84.489998,84.500000,84.459999,84.470001,81.952919,426700
2014-07-17,84.500000,84.540001,84.480003,84.540001,82.020836,2408500
2014-07-18,84.500000,84.519997,84.470001,84.470001,81.952919,2316600
2014-07-21,84.519997,84.519997,84.470001,84.480003,81.962631,2455200
2014-07-22,84.480003,84.500000,84.470001,84.480003,81.962631,2456000
2014-07-23,84.519997,84.519997,84.500000,84.510002,81.991730,478400
2014-07-24,84.470001,84.489998,84.459999,84.480003,81.962631,221200
2014-07-25,84.489998,84.500000,84.470001,84.489998,81.972305,2324500
2014-07-28,84.459999,84.480003,84.449997,84.449997,81.933510,2286900
2014-07-29,84.459999,84.470001,84.449997,84.470001,81.952919,255200
2014-07-30,84.430000,84.430000,84.379997,84.430000,81.914139,1110200
2014-07-31,84.430000,84.470001,84.410004,84.470001,81.952919,1446200
2014-08-01,84.470001,84.559998,84.470001,84.550003,82.056786,19826500
2014-08-04,84.540001,84.559998,84.529999,84.550003,82.056786,1419200
2014-08-05,84.519997,84.570000,84.519997,84.550003,82.056786,1278200
2014-08-06,84.559998,84.589996,84.550003,84.570000,82.076225,949900
2014-08-07,84.580002,84.610001,84.540001,84.610001,82.115005,1129200
2014-08-08,84.599998,84.620003,84.559998,84.559998,82.066475,500400
2014-08-11,84.580002,84.589996,84.559998,84.559998,82.066475,1264700
2014-08-12,84.570000,84.589996,84.550003,84.559998,82.066475,1587100
2014-08-13,84.620003,84.620003,84.580002,84.599998,82.105301,708500
2014-08-14,84.570000,84.639999,84.570000,84.620003,82.124710,975800
2014-08-15,84.589996,84.680000,84.580002,84.620003,82.124710,911200
2014-08-18,84.570000,84.629997,84.570000,84.620003,82.124710,721600
2014-08-19,84.629997,84.629997,84.599998,84.620003,82.124710,1047000
2014-08-20,84.599998,84.599998,84.529999,84.540001,82.047050,668300
2014-08-21,84.529999,84.580002,84.529999,84.540001,82.047050,720300
2014-08-22,84.519997,84.559998,84.500000,84.519997,82.027641,758700
2014-08-25,84.500000,84.519997,84.489998,84.489998,81.998528,1146100
2014-08-26,84.519997,84.529999,84.500000,84.519997,82.027641,372100
2014-08-27,84.529999,84.550003,84.529999,84.540001,82.047050,473300
2014-08-28,84.529999,84.570000,84.529999,84.559998,82.066475,459100
2014-08-29,84.559998,84.599998,84.550003,84.599998,82.105301,515700
2014-09-02,84.540001,84.550003,84.500000,84.500000,82.035385,13519800
2014-09-03,84.500000,84.529999,84.489998,84.519997,82.054810,741300
2014-09-04,84.510002,84.540001,84.480003,84.510002,82.045113,1702900
2014-09-05,84.540001,84.559998,84.529999,84.540001,82.074234,422000
2014-09-08,84.540001,84.559998,84.489998,84.489998,82.025696,533300
2014-09-09,84.489998,84.500000,84.440002,84.440002,81.977150,506900
2014-09-10,84.430000,84.459999,84.430000,84.449997,81.986862,367900
2014-09-11,84.480003,84.489998,84.449997,84.459999,81.996567,774800
2014-09-12,84.430000,84.459999,84.430000,84.440002,81.977150,340600
2014-09-15,84.459999,84.489998,84.459999,84.480003,82.015999,431000
2014-09-16,84.500000,84.529999,84.470001,84.529999,82.064514,1624100
2014-09-17,84.470001,84.580002,84.430000,84.440002,81.977150,541600
2014-09-18,84.419998,84.449997,84.410004,84.449997,81.986862,419000
2014-09-19,84.430000,84.459999,84.419998,84.440002,81.977150,425400
2014-09-22,84.470001,84.500000,84.459999,84.500000,82.035385,332600
2014-09-23,84.480003,84.519997,84.480003,84.519997,82.054810,745800
2014-09-24,84.500000,84.519997,84.480003,84.489998,82.025696,1455900
2014-09-25,84.480003,84.550003,84.480003,84.550003,82.083939,892400
2014-09-26,84.529999,84.529999,84.480003,84.510002,82.045113,1486300
2014-09-29,84.529999,84.540001,84.510002,84.529999,82.064514,533200
2014-09-30,84.510002,84.529999,84.489998,84.510002,82.045113,1508000
2014-10-01,84.550003,84.599998,84.529999,84.570000,82.132523,20930800
2014-10-02,84.580002,84.589996,84.540001,84.559998,82.122803,1828300
2014-10-03,84.510002,84.519997,84.470001,84.480003,82.045120,2110100
2014-10-06,84.540001,84.580002,84.510002,84.559998,82.122803,841300
2014-10-07,84.570000,84.620003,84.570000,84.610001,82.171387,1333900
2014-10-08,84.599998,84.709999,84.589996,84.699997,82.258766,1367200
2014-10-09,84.690002,84.720001,84.680000,84.699997,82.258766,623000
2014-10-10,84.709999,84.739998,84.690002,84.739998,82.297630,629300
2014-10-13,84.790001,85.370003,84.760002,84.769997,82.326767,1239000
2014-10-14,84.809998,84.839996,84.790001,84.820000,82.375290,2228800
2014-10-15,85.010002,85.070000,84.830002,84.930000,82.482109,2526700
2014-10-16,84.949997,84.959999,84.860001,84.879997,82.433571,27217300
2014-10-17,84.849998,84.860001,84.809998,84.830002,82.385033,2035000
2014-10-20,84.839996,84.879997,84.839996,84.879997,82.433571,1139800
2014-10-21,84.839996,84.879997,84.839996,84.860001,82.414154,1356700
2014-10-22,84.820000,84.839996,84.809998,84.839996,82.394699,1814100
2014-10-23,84.790001,84.820000,84.779999,84.800003,82.355888,1081500
2014-10-24,84.790001,84.830002,84.790001,84.820000,82.375290,1171400
2014-10-27,84.800003,84.839996,84.800003,84.820000,82.375290,919700
2014-10-28,84.820000,84.839996,84.790001,84.800003,82.355888,738300
2014-10-29,84.790001,84.800003,84.690002,84.690002,82.249077,1452200
2014-10-30,84.709999,84.750000,84.699997,84.720001,82.278206,1485800
2014-10-31,84.680000,84.720001,84.680000,84.699997,82.258766,1770200
2014-11-03,84.720001,84.720001,84.610001,84.660004,82.248093,14207300
2014-11-04,84.620003,84.669998,84.589996,84.650002,82.238365,1177700
2014-11-05,84.639999,84.639999,84.620003,84.629997,82.218948,1289700
2014-11-06,84.610001,84.639999,84.599998,84.610001,82.199501,815200
2014-11-07,84.650002,84.690002,84.629997,84.669998,82.257790,1389000
2014-11-10,84.669998,84.690002,84.610001,84.610001,82.199501,1381700
2014-11-11,84.580002,84.709999,84.570000,84.599998,82.189789,580300
2014-11-12,84.629997,84.660004,84.610001,84.629997,82.218948,894600
2014-11-13,84.629997,84.660004,84.629997,84.650002,82.238365,746300
2014-11-14,84.639999,84.690002,84.610001,84.690002,82.277237,1064400
2014-11-17,84.669998,84.690002,84.660004,84.680000,82.267509,850000
2014-11-18,84.690002,84.690002,84.660004,84.669998,82.257790,23372000
2014-11-19,84.629997,84.699997,84.629997,84.660004,82.248093,962000
2014-11-20,84.699997,84.709999,84.660004,84.680000,82.267509,723600
2014-11-21,84.709999,84.720001,84.690002,84.699997,82.286957,1048700
2014-11-24,84.660004,84.709999,84.660004,84.709999,82.296684,1582100
2014-11-25,84.699997,84.739998,84.690002,84.720001,82.306381,472700
2014-11-26,84.720001,84.760002,84.720001,84.730003,82.316093,840000
2014-11-28,84.779999,84.779999,84.750000,84.760002,82.345245,319700
2014-12-01,84.790001,84.809998,84.730003,84.730003,82.344269,2475900
2014-12-02,84.709999,84.709999,84.660004,84.680000,82.295654,825300
2014-12-03,84.669998,84.669998,84.629997,84.639999,82.256790,782100
2014-12-04,84.660004,84.690002,84.650002,84.690002,82.305382,901400
2014-12-05,84.529999,84.570000,84.510002,84.529999,82.149918,494200
2014-12-08,84.510002,84.540001,84.489998,84.519997,82.140182,427400
2014-12-09,84.580002,84.610001,84.540001,84.550003,82.169327,545000
2014-12-10,84.540001,84.639999,84.540001,84.620003,82.237366,734300
2014-12-11,84.599998,84.599998,84.559998,84.580002,82.198494,678900
2014-12-12,84.650002,84.720001,84.620003,84.660004,82.276245,942700
2014-12-15,84.629997,84.660004,84.589996,84.599998,82.217918,1662100
2014-12-16,84.669998,84.690002,84.620003,84.650002,82.266510,1239500
2014-12-17,84.629997,84.720001,84.510002,84.570000,82.188759,966900
2014-12-18,84.489998,84.529999,84.489998,84.519997,82.140182,1009100
2014-12-19,84.559998,84.559998,84.459999,84.459999,82.081841,785100
2014-12-22,84.459999,84.500000,84.459999,84.480003,82.101280,680300
2014-12-23,84.470001,84.470001,84.389999,84.389999,82.013824,1083500
2014-12-24,84.360001,84.440002,84.349998,84.400002,82.055664,958700
2014-12-26,84.349998,84.400002,84.349998,84.370003,82.026482,414300
2014-12-29,84.430000,84.459999,84.430000,84.449997,82.104271,749500
2014-12-30,84.489998,84.510002,84.459999,84.480003,82.133423,665900
2014-12-31,84.470001,84.519997,84.449997,84.449997,82.104271,724100
2015-01-02,84.489998,84.540001,84.470001,84.540001,82.191772,1735400
2015-01-05,84.470001,84.550003,84.470001,84.540001,82.191772,1214300
2015-01-06,84.559998,84.680000,84.559998,84.580002,82.230644,959400
2015-01-07,84.589996,84.629997,84.570000,84.620003,82.269524,768800
2015-01-08,84.610001,84.639999,84.589996,84.610001,82.259804,862500
2015-01-09,84.669998,84.730003,84.669998,84.680000,82.327843,422100
2015-01-12,84.730003,84.750000,84.699997,84.730003,82.376465,641700
2015-01-13,84.739998,84.790001,84.709999,84.779999,82.425056,525600
2015-01-14,84.849998,84.879997,84.830002,84.830002,82.473724,690800
2015-01-15,84.849998,84.959999,84.839996,84.959999,82.600075,577900
2015-01-16,84.930000,84.930000,84.860001,84.879997,82.522316,756100
2015-01-20,84.870003,84.910004,84.839996,84.839996,82.483406,696000
2015-01-21,84.830002,84.889999,84.820000,84.839996,82.483406,606400
2015-01-22,84.870003,84.870003,84.779999,84.809998,82.454224,588300
2015-01-23,84.830002,84.860001,84.809998,84.849998,82.493141,1089600
2015-01-26,84.830002,84.849998,84.790001,84.800003,82.444519,1575600
2015-01-27,84.860001,84.879997,84.820000,84.849998,82.493141,414900
2015-01-28,84.830002,84.919998,84.820000,84.910004,82.551476,743900
2015-01-29,84.879997,84.879997,84.830002,84.879997,82.522316,516100
2015-01-30,84.940002,84.980003,84.879997,84.980003,82.619545,474400
2015-02-02,84.940002,84.949997,84.879997,84.919998,82.593269,1883400
2015-02-03,84.889999,84.889999,84.830002,84.849998,82.525185,1015000
2015-02-04,84.820000,84.879997,84.790001,84.860001,82.534912,798200
2015-02-05,84.849998,84.849998,84.809998,84.830002,82.505745,428000
2015-02-06,84.699997,84.699997,84.610001,84.629997,82.311226,774300
2015-02-09,84.650002,84.650002,84.610001,84.620003,82.301483,1616200
2015-02-10,84.629997,84.629997,84.589996,84.599998,82.282043,1194500
2015-02-11,84.629997,84.629997,84.599998,84.610001,82.291756,839500
2015-02-12,84.639999,84.680000,84.620003,84.639999,82.320930,1036300
2015-02-13,84.660004,84.690002,84.639999,84.639999,82.320930,1118600
2015-02-17,84.620003,84.660004,84.570000,84.599998,82.282043,562400
2015-02-18,84.620003,84.730003,84.589996,84.699997,82.379288,997800
2015-02-19,84.650002,84.720001,84.639999,84.650002,82.330681,744000
2015-02-20,84.699997,84.720001,84.610001,84.639999,82.320930,415200
2015-02-23,84.669998,84.690002,84.639999,84.680000,82.359848,715500
2015-02-24,84.669998,84.760002,84.620003,84.750000,82.427902,482800
2015-02-25,84.709999,84.750000,84.709999,84.750000,82.427902,485300
2015-02-26,84.680000,84.709999,84.650002,84.669998,82.350121,530600
2015-02-27,84.709999,84.720001,84.669998,84.699997,82.379288,3103100
2015-03-02,84.639999,84.660004,84.599998,84.599998,82.312172,3233200
2015-03-03,84.599998,84.620003,84.570000,84.580002,82.292717,1288800
2015-03-04,84.610001,84.629997,84.580002,84.599998,82.312172,572900
2015-03-05,84.639999,84.660004,84.610001,84.629997,82.341354,386800
2015-03-06,84.510002,84.559998,84.500000,84.540001,82.253792,503300
2015-03-09,84.540001,84.580002,84.529999,84.580002,82.292717,367200
2015-03-10,84.629997,84.629997,84.570000,84.599998,82.312172,1039600
2015-03-11,84.599998,84.620003,84.570000,84.599998,82.312172,607500
2015-03-12,84.639999,84.669998,84.599998,84.620003,82.331627,1158000
2015-03-13,84.610001,84.669998,84.610001,84.629997,82.341354,435800
2015-03-16,84.639999,84.680000,84.629997,84.639999,82.351097,934000
2015-03-17,84.669998,84.669998,84.620003,84.620003,82.331627,1255600
2015-03-18,84.620003,84.830002,84.580002,84.820000,82.526230,873500
2015-03-19,84.750000,84.779999,84.699997,84.709999,82.419212,351000
2015-03-20,84.779999,84.790001,84.750000,84.769997,82.477547,721900
2015-03-23,84.779999,84.809998,84.750000,84.800003,82.506775,683900
2015-03-24,84.800003,84.830002,84.769997,84.830002,82.535965,535900
2015-03-25,84.830002,84.839996,84.779999,84.809998,82.516472,932000
2015-03-26,84.779999,84.779999,84.730003,84.769997,82.477547,963400
2015-03-27,84.790001,84.830002,84.790001,84.820000,82.526230,595300
2015-03-30,84.830002,84.839996,84.800003,84.809998,82.516472,793600
2015-03-31,84.830002,84.879997,84.820000,84.879997,82.584595,1035200
2015-04-01,84.839996,84.879997,84.839996,84.879997,82.620613,2228700
2015-04-02,84.879997,84.879997,84.830002,84.870003,82.610855,643500
2015-04-06,84.980003,84.980003,84.910004,84.940002,82.679008,1162400
2015-04-07,84.879997,84.900002,84.879997,84.879997,82.620613,544500
2015-04-08,84.889999,84.900002,84.839996,84.879997,82.620613,1086800
2015-04-09,84.860001,84.870003,84.839996,84.849998,82.591408,459000
2015-04-10,84.860001,84.870003,84.830002,84.830002,82.571953,614400
2015-04-13,84.830002,84.879997,84.830002,84.879997,82.620613,754400
2015-04-14,84.900002,84.940002,84.889999,84.919998,82.659546,448400
2015-04-15,84.910004,84.930000,84.900002,84.919998,82.659546,772200
2015-04-16,84.940002,84.970001,84.900002,84.959999,82.698463,11419400
2015-04-17,84.910004,84.949997,84.910004,84.919998,82.659546,727200
2015-04-20,84.900002,84.930000,84.879997,84.910004,82.649803,460900
2015-04-21,84.860001,84.919998,84.860001,84.919998,82.659546,565700
2015-04-22,84.870003,84.889999,84.849998,84.849998,82.591408,582200
2015-04-23,84.860001,84.889999,84.860001,84.889999,82.630318,561100
2015-04-24,84.919998,84.930000,84.900002,84.919998,82.659546,405800
2015-04-27,84.919998,84.919998,84.889999,84.910004,82.649803,439300
2015-04-28,84.870003,84.910004,84.870003,84.870003,82.610855,506400
2015-04-29,84.849998,84.879997,84.830002,84.879997,82.620613,461400
2015-04-30,84.839996,84.879997,84.800003,84.870003,82.610855,746800
2015-05-01,84.800003,84.820000,84.779999,84.800003,82.576797,1996300
2015-05-04,84.790001,84.820000,84.769997,84.800003,82.576797,535700
2015-05-05,84.779999,84.820000,84.739998,84.779999,82.557312,8800900
2015-05-06,84.750000,84.769997,84.720001,84.750000,82.528099,1583000
2015-05-07,84.750000,84.760002,84.720001,84.720001,82.498894,909500
2015-05-08,84.839996,84.860001,84.820000,84.839996,82.615715,855400
2015-05-11,84.820000,84.830002,84.760002,84.760002,82.537849,2438600
2015-05-12,84.779999,84.800003,84.750000,84.769997,82.547554,497600
2015-05-13,84.830002,84.860001,84.800003,84.809998,82.586517,670800
2015-05-14,84.849998,84.889999,84.849998,84.889999,82.664406,992800
2015-05-15,84.849998,84.910004,84.849998,84.889999,82.664406,599200
2015-05-18,84.870003,84.889999,84.820000,84.839996,82.615715,5576400
2015-05-19,84.779999,84.820000,84.769997,84.790001,82.567032,544600
2015-05-20,84.809998,84.830002,84.790001,84.820000,82.596245,541300
2015-05-21,84.820000,84.860001,84.809998,84.849998,82.625473,677900
2015-05-22,84.800003,84.820000,84.779999,84.790001,82.567032,530500
2015-05-26,84.760002,84.820000,84.760002,84.800003,82.576797,634000
2015-05-27,84.779999,84.820000,84.769997,84.809998,82.586517,597100
2015-05-28,84.809998,84.860001,84.809998,84.849998,82.625473,888200
2015-05-29,84.839996,84.889999,84.839996,84.870003,82.644958,565800
2015-06-01,84.860001,84.860001,84.760002,84.779999,82.593346,8556400
2015-06-02,84.739998,84.769997,84.739998,84.769997,82.583549,715300
2015-06-03,84.720001,84.739998,84.709999,84.739998,82.554352,1359800
2015-06-04,84.750000,84.769997,84.720001,84.750000,82.564079,934300
2015-06-05,84.629997,84.690002,84.629997,84.669998,82.486160,599300
2015-06-08,84.680000,84.720001,84.680000,84.720001,82.534859,985400
2015-06-09,84.709999,84.709999,84.660004,84.680000,82.495888,1189700
2015-06-10,84.669998,84.669998,84.639999,84.660004,82.476433,816400
2015-06-11,84.660004,84.680000,84.629997,84.680000,82.495888,938600
2015-06-12,84.639999,84.690002,84.639999,84.660004,82.476433,398900
2015-06-15,84.709999,84.730003,84.690002,84.699997,82.515358,542700
2015-06-16,84.699997,84.730003,84.699997,84.730003,82.544609,6452200
2015-06-17,84.680000,84.790001,84.589996,84.790001,82.603065,2940900
2015-06-18,84.769997,84.809998,84.750000,84.809998,82.622551,625900
2015-06-19,84.839996,84.849998,84.820000,84.830002,82.642036,397700
2015-06-22,84.800003,84.800003,84.760002,84.769997,82.583549,438100
2015-06-23,84.720001,84.769997,84.720001,84.750000,82.564079,495100
2015-06-24,84.760002,84.790001,84.730003,84.790001,82.603065,681800
2015-06-25,84.750000,84.779999,84.730003,84.769997,82.583549,461900
2015-06-26,84.720001,84.750000,84.720001,84.720001,82.534859,476600
2015-06-29,84.830002,84.870003,84.790001,84.860001,82.671257,895700
2015-06-30,84.839996,84.889999,84.830002,84.860001,82.671257,3121100
2015-07-01,84.760002,84.779999,84.739998,84.750000,82.601067,11473000
2015-07-02,84.849998,84.879997,84.800003,84.879997,82.727791,2175100
2015-07-06,84.900002,84.919998,84.860001,84.900002,82.747299,1088300
2015-07-07,84.949997,84.980003,84.889999,84.889999,82.737549,2665300
2015-07-08,84.919998,84.989998,84.910004,84.980003,82.825264,1628600
2015-07-09,84.930000,84.940002,84.900002,84.919998,82.766792,1995800
2015-07-10,84.860001,84.879997,84.809998,84.839996,82.688789,1999200
2015-07-13,84.790001,84.800003,84.769997,84.800003,82.649826,856700
2015-07-14,84.820000,84.839996,84.820000,84.839996,82.688789,1062100
2015-07-15,84.820000,84.870003,84.790001,84.870003,82.718040,1068800
2015-07-16,84.769997,84.830002,84.769997,84.830002,82.679062,5841900
2015-07-17,84.779999,84.820000,84.779999,84.809998,82.659554,934900
2015-07-20,84.750000,84.769997,84.739998,84.760002,82.610809,1104900
2015-07-21,84.730003,84.800003,84.730003,84.769997,82.620552,653400
2015-07-22,84.760002,84.769997,84.739998,84.760002,82.610809,760400
2015-07-23,84.709999,84.779999,84.709999,84.769997,82.620552,853600
2015-07-24,84.769997,84.830002,84.760002,84.790001,82.640083,810500
2015-07-27,84.860001,84.870003,84.830002,84.849998,82.698532,4482800
2015-07-28,84.830002,84.849998,84.809998,84.830002,82.679062,2113800
2015-07-29,84.820000,84.849998,84.790001,84.809998,82.659554,1590900
2015-07-30,84.769997,84.790001,84.750000,84.769997,82.620552,581400
2015-07-31,84.860001,84.879997,84.839996,84.860001,82.708290,4190600
2015-08-03,84.790001,84.860001,84.790001,84.849998,82.735619,5562900
2015-08-04,84.800003,84.820000,84.720001,84.730003,82.618576,1228800
2015-08-05,84.709999,84.730003,84.680000,84.730003,82.618576,1825600
2015-08-06,84.739998,84.769997,84.730003,84.750000,82.638077,1132300
2015-08-07,84.699997,84.750000,84.690002,84.739998,82.628326,934300
2015-08-10,84.709999,84.730003,84.699997,84.709999,82.599091,1397700
2015-08-11,84.820000,84.830002,84.790001,84.820000,82.706337,1889400
2015-08-12,84.839996,84.879997,84.800003,84.820000,82.706337,1508300
2015-08-13,84.779999,84.800003,84.739998,84.750000,82.638077,537000
2015-08-14,84.709999,84.750000,84.709999,84.709999,82.599091,837200
2015-08-17,84.750000,84.779999,84.750000,84.760002,82.647842,646700
2015-08-18,84.739998,84.760002,84.720001,84.750000,82.638077,466300
2015-08-19,84.739998,84.839996,84.709999,84.830002,82.716080,960600
2015-08-20,84.839996,84.839996,84.800003,84.800003,82.686874,5878200
2015-08-21,84.849998,84.900002,84.830002,84.889999,82.774620,2062600
2015-08-24,85.050003,85.050003,84.889999,84.930000,82.813606,4490600
2015-08-25,84.889999,84.940002,84.849998,84.889999,82.774620,2708000
2015-08-26,84.870003,84.940002,84.839996,84.839996,82.725822,2519400
2015-08-27,84.839996,84.870003,84.800003,84.849998,82.735619,2985300
2015-08-28,84.870003,84.879997,84.779999,84.809998,82.696587,1683200
2015-08-31,84.809998,84.839996,84.769997,84.779999,82.667351,7294400
2015-09-01,84.779999,84.800003,84.750000,84.769997,82.696594,6317000
2015-09-02,84.790001,84.800003,84.750000,84.790001,82.716103,5691300
2015-09-03,84.830002,84.830002,84.779999,84.790001,82.716103,2627800
2015-09-04,84.809998,84.839996,84.779999,84.800003,82.725891,1393900
2015-09-08,84.760002,84.779999,84.750000,84.769997,82.696594,3251500
2015-09-09,84.720001,84.769997,84.720001,84.750000,82.677078,1721000
2015-09-10,84.769997,84.779999,84.750000,84.779999,82.706367,1004100
2015-09-11,84.779999,84.820000,84.779999,84.809998,82.735641,539600
2015-09-14,84.809998,84.830002,84.790001,84.790001,82.716103,1649100
2015-09-15,84.779999,84.779999,84.669998,84.669998,82.599060,2200100
2015-09-16,84.680000,84.730003,84.660004,84.660004,82.589294,1454200
2015-09-17,84.660004,84.870003,84.660004,84.849998,82.774666,1268200
2015-09-18,84.849998,84.889999,84.849998,84.889999,82.813690,1424900
2015-09-21,84.839996,84.849998,84.820000,84.839996,82.764877,1668200
2015-09-22,84.879997,84.900002,84.860001,84.889999,82.813690,834300
2015-09-23,84.870003,84.900002,84.839996,84.860001,82.784416,1659800
2015-09-24,84.889999,84.949997,84.889999,84.910004,82.833214,1480600
2015-09-25,84.900002,84.919998,84.849998,84.870003,82.794159,1115900
2015-09-28,84.900002,84.940002,84.879997,84.930000,82.852692,2572000
2015-09-29,84.949997,84.989998,84.930000,84.970001,82.891716,1896600
2015-09-30,84.949997,85.000000,84.949997,84.989998,82.911240,9534800
2015-10-01,84.949997,84.980003,84.919998,84.949997,82.911240,5262900
2015-10-02,85.099998,85.120003,85.050003,85.070000,83.028328,1668700
2015-10-05,85.050003,85.050003,84.980003,85.010002,82.969788,5500700
2015-10-06,84.970001,85.019997,84.970001,85.000000,82.960030,1519100
2015-10-07,84.980003,84.989998,84.949997,84.980003,82.940514,3660700
2015-10-08,84.940002,85.000000,84.940002,84.959999,82.920967,1793100
2015-10-09,84.930000,84.959999,84.919998,84.959999,82.920967,1107700
2015-10-12,84.900002,84.980003,84.900002,84.940002,82.901459,1486900
2015-10-13,84.959999,84.980003,84.949997,84.970001,82.930748,1071300
2015-10-14,85.080002,85.099998,85.029999,85.089996,83.047867,3419100
2015-10-15,85.019997,85.050003,85.010002,85.040001,82.999077,1586000
2015-10-16,85.010002,85.029999,85.000000,85.000000,82.960030,942500
2015-10-19,85.010002,85.029999,84.989998,85.029999,82.989296,1434900
2015-10-20,84.970001,84.980003,84.959999,84.980003,82.940514,1029400
2015-10-21,84.980003,85.029999,84.970001,85.010002,82.969788,11122200
2015-10-22,85.010002,85.059998,85.010002,85.040001,82.999077,2382400
2015-10-23,84.980003,85.010002,84.949997,84.970001,82.930748,5657200
2015-10-26,84.970001,84.989998,84.959999,84.970001,82.930748,5901700
2015-10-27,85.000000,85.029999,85.000000,85.000000,82.960030,1024600
2015-10-28,84.980003,85.000000,84.849998,84.889999,82.852692,1658900
2015-10-29,84.839996,84.860001,84.830002,84.830002,82.794106,1522600
2015-10-30,84.830002,84.849998,84.820000,84.830002,82.794106,3242400
2015-11-02,84.709999,84.779999,84.709999,84.739998,82.746262,14599400
2015-11-03,84.720001,84.739998,84.709999,84.730003,82.736496,3643500
2015-11-04,84.699997,84.730003,84.639999,84.639999,82.648605,2120500
2015-11-05,84.639999,84.660004,84.610001,84.639999,82.648605,2775300
2015-11-06,84.559998,84.580002,84.540001,84.559998,82.570488,1832700
2015-11-09,84.540001,84.559998,84.529999,84.540001,82.550972,1619900
2015-11-10,84.580002,84.610001,84.550003,84.580002,82.590034,2139300
2015-11-11,84.620003,84.639999,84.559998,84.559998,82.570488,6885500
2015-11-12,84.580002,84.620003,84.580002,84.589996,82.599800,5866500
2015-11-13,84.599998,84.660004,84.599998,84.660004,82.668144,771100
2015-11-16,84.660004,84.680000,84.639999,84.660004,82.668144,1835200
2015-11-17,84.589996,84.660004,84.580002,84.629997,82.638847,4707700
2015-11-18,84.620003,84.639999,84.580002,84.599998,82.609535,1803400
2015-11-19,84.620003,84.629997,84.580002,84.580002,82.590034,1707300
2015-11-20,84.589996,84.620003,84.570000,84.580002,82.590034,798800
2015-11-23,84.540001,84.580002,84.540001,84.570000,82.580261,936600
2015-11-24,84.580002,84.589996,84.559998,84.570000,82.580261,1024300
2015-11-25,84.580002,84.589996,84.550003,84.580002,82.590034,3067800
2015-11-27,84.580002,84.610001,84.580002,84.599998,82.609535,429600
2015-11-30,84.580002,84.589996,84.559998,84.570000,82.580261,1469300
2015-12-01,84.510002,84.599998,84.510002,84.580002,82.630096,4410600
2015-12-02,84.540001,84.540001,84.500000,84.510002,82.561699,1008700
2015-12-03,84.510002,84.510002,84.430000,84.510002,82.561699,4856400
2015-12-04,84.540001,84.570000,84.510002,84.529999,82.581238,4440400
2015-12-07,84.519997,84.540001,84.510002,84.519997,82.571465,2025600
2015-12-08,84.529999,84.540001,84.489998,84.510002,82.561699,1043000
2015-12-09,84.500000,84.550003,84.470001,84.540001,82.591019,3642800
2015-12-10,84.519997,84.529999,84.480003,84.489998,82.542152,963000
2015-12-11,84.540001,84.620003,84.529999,84.589996,82.639832,1073800
2015-12-14,84.519997,84.550003,84.480003,84.489998,82.542152,1757200
2015-12-15,84.449997,84.480003,84.440002,84.480003,82.532387,1052100
2015-12-16,84.440002,84.459999,84.309998,84.410004,82.463997,1241600
2015-12-17,84.400002,84.449997,84.400002,84.410004,82.463997,1777400
2015-12-18,84.480003,84.519997,84.459999,84.519997,82.571465,1494800
2015-12-21,84.519997,84.519997,84.489998,84.510002,82.561699,3037200
2015-12-22,84.489998,84.510002,84.459999,84.489998,82.542152,1234700
2015-12-23,84.489998,84.500000,84.440002,84.459999,82.512856,2785800
2015-12-24,84.440002,84.449997,84.410004,84.449997,82.545113,564600
2015-12-28,84.400002,84.419998,84.389999,84.400002,82.496262,1096700
2015-12-29,84.360001,84.400002,84.349998,84.379997,82.476677,1085100
2015-12-30,84.360001,84.400002,84.339996,84.400002,82.496262,4797000
2015-12-31,84.430000,84.440002,84.360001,84.360001,82.457146,2466200
2016-01-04,84.480003,84.489998,84.440002,84.470001,82.564667,7548000
2016-01-05,84.440002,84.459999,84.410004,84.419998,82.515785,2472200
2016-01-06,84.480003,84.500000,84.449997,84.470001,82.564667,2409900
2016-01-07,84.529999,84.540001,84.470001,84.500000,82.593987,2702800
2016-01-08,84.529999,84.580002,84.500000,84.559998,82.652657,7139900
2016-01-11,84.540001,84.610001,84.519997,84.589996,82.681953,3557700
2016-01-12,84.540001,84.629997,84.529999,84.599998,82.691719,1275600
2016-01-13,84.589996,84.650002,84.570000,84.650002,82.740593,1820800
2016-01-14,84.650002,84.669998,84.620003,84.669998,82.760147,1297400
2016-01-15,84.730003,84.779999,84.709999,84.739998,82.828560,2136000
2016-01-19,84.720001,84.750000,84.699997,84.730003,82.818802,5109900
2016-01-20,84.779999,84.839996,84.769997,84.790001,82.877449,2140400
2016-01-21,84.809998,84.820000,84.760002,84.779999,82.867645,2326500
2016-01-22,84.709999,84.750000,84.699997,84.750000,82.838356,3184900
2016-01-25,84.730003,84.769997,84.730003,84.750000,82.838356,1800100
2016-01-26,84.750000,84.800003,84.739998,84.790001,82.877449,1176800
2016-01-27,84.739998,84.809998,84.720001,84.809998,82.896980,1742300
2016-01-28,84.800003,84.839996,84.779999,84.809998,82.896980,1272200
2016-01-29,84.900002,84.910004,84.860001,84.910004,82.994736,1521400
2016-02-01,84.839996,84.839996,84.800003,84.820000,82.950729,5665300
2016-02-02,84.860001,84.930000,84.860001,84.930000,83.058319,2528200
2016-02-03,84.910004,85.019997,84.910004,84.949997,83.077835,1962400
2016-02-04,84.949997,84.980003,84.949997,84.970001,83.097427,1305700
2016-02-05,84.910004,84.970001,84.900002,84.949997,83.077835,1294800
2016-02-08,85.010002,85.070000,84.989998,85.050003,83.175667,1467700
2016-02-09,85.080002,85.080002,85.000000,85.019997,83.146317,1919200
2016-02-10,84.949997,85.029999,84.949997,85.019997,83.146317,1061200
2016-02-11,85.150002,85.180000,85.080002,85.099998,83.224579,1814400
2016-02-12,85.059998,85.080002,84.989998,85.000000,83.126755,1194000
2016-02-16,84.989998,85.000000,84.949997,84.949997,83.077835,2545900
2016-02-17,84.919998,84.970001,84.910004,84.970001,83.097427,1999400
2016-02-18,84.940002,85.040001,84.940002,85.040001,83.165855,859100
2016-02-19,84.980003,85.010002,84.959999,84.959999,83.087631,975400
2016-02-22,84.930000,84.970001,84.930000,84.970001,83.097427,1101600
2016-02-23,84.959999,85.000000,84.940002,84.980003,83.107201,1227700
2016-02-24,85.019997,85.080002,84.980003,85.000000,83.126755,1066800
2016-02-25,85.010002,85.040001,85.000000,85.019997,83.146317,1526500
2016-02-26,84.959999,84.970001,84.889999,84.910004,83.038742,1891100
2016-02-29,84.879997,84.959999,84.879997,84.959999,83.087631,2634200
2016-03-01,84.919998,84.919998,84.790001,84.800003,82.977058,4584800
2016-03-02,84.769997,84.800003,84.750000,84.790001,82.967262,2652000
2016-03-03,84.779999,84.820000,84.769997,84.820000,82.996651,5601100
2016-03-04,84.769997,84.809998,84.739998,84.760002,82.937935,1532600
2016-03-07,84.720001,84.739998,84.699997,84.699997,82.879196,1990800
2016-03-08,84.760002,84.800003,84.750000,84.760002,82.937935,2878900
2016-03-09,84.750000,84.760002,84.730003,84.730003,82.908577,1284400
2016-03-10,84.699997,84.730003,84.680000,84.720001,82.898773,2227500
2016-03-11,84.680000,84.680000,84.629997,84.639999,82.820518,4112200
2016-03-14,84.669998,84.669998,84.639999,84.639999,82.820518,1875500
2016-03-15,84.680000,84.699997,84.629997,84.669998,82.849846,1508600
2016-03-16,84.589996,84.839996,84.550003,84.839996,83.016205,5972100
2016-03-17,84.800003,84.830002,84.769997,84.830002,83.006416,1677000
2016-03-18,84.849998,84.879997,84.830002,84.849998,83.025986,3010000
2016-03-21,84.830002,84.839996,84.800003,84.839996,83.016205,1892100
2016-03-22,84.849998,84.860001,84.769997,84.790001,82.967262,1899800
2016-03-23,84.790001,84.860001,84.779999,84.839996,83.016205,1357600
2016-03-24,84.849998,84.849998,84.790001,84.800003,82.977058,859800
2016-03-28,84.820000,84.860001,84.820000,84.820000,82.996651,2820600
2016-03-29,84.849998,84.980003,84.849998,84.980003,83.153198,1097000
2016-03-30,84.970001,85.000000,84.930000,84.989998,83.162971,1307600
2016-03-31,85.019997,85.059998,84.989998,85.029999,83.202103,1555000
2016-04-01,84.930000,84.970001,84.910004,84.930000,83.154160,5307200
2016-04-04,84.949997,84.989998,84.930000,84.989998,83.212883,2863500
2016-04-05,85.000000,85.019997,84.980003,85.019997,83.242279,4655000
2016-04-06,85.010002,85.010002,84.949997,84.989998,83.212883,1029200
2016-04-07,85.010002,85.059998,85.000000,85.040001,83.261848,1475200
2016-04-08,85.010002,85.050003,85.010002,85.040001,83.261848,594300
2016-04-11,85.019997,85.059998,85.010002,85.029999,83.252060,851100
2016-04-12,85.010002,85.019997,85.000000,85.010002,83.232475,524900
2016-04-13,84.989998,84.989998,84.959999,84.970001,83.193314,1365800
2016-04-14,84.980003,84.989998,84.949997,84.970001,83.193314,1103500
2016-04-15,84.980003,85.029999,84.980003,85.029999,83.252060,825600
2016-04-18,85.010002,85.029999,85.000000,85.019997,83.242279,867800
2016-04-19,85.019997,85.019997,84.970001,84.989998,83.212883,1508400
2016-04-20,85.010002,85.010002,84.919998,84.930000,83.154160,1080700
2016-04-21,84.900002,84.949997,84.900002,84.910004,83.134575,1599900
2016-04-22,84.910004,84.919998,84.900002,84.910004,83.134575,2593200
2016-04-25,84.900002,84.930000,84.889999,84.889999,83.114990,1512900
2016-04-26,84.889999,84.900002,84.860001,84.870003,83.095421,969300
2016-04-27,84.900002,84.930000,84.820000,84.930000,83.154160,748300
2016-04-28,84.940002,85.010002,84.930000,84.980003,83.203094,694300
2016-04-29,84.970001,85.029999,84.959999,85.010002,83.232475,1609600
2016-05-02,84.940002,84.959999,84.919998,84.930000,83.202103,1017800
2016-05-03,85.029999,85.029999,84.980003,85.019997,83.290276,3788100
2016-05-04,85.029999,85.029999,84.970001,85.010002,83.280479,1621100
2016-05-05,85.029999,85.070000,84.980003,85.040001,83.309883,556900
2016-05-06,85.089996,85.099998,85.019997,85.019997,83.290276,1117600
2016-05-09,85.080002,85.089996,85.050003,85.059998,83.329460,610000
2016-05-10,85.070000,85.080002,85.040001,85.080002,83.349075,2854800
2016-05-11,85.059998,85.080002,85.040001,85.050003,83.319695,1607400
2016-05-12,85.029999,85.040001,85.000000,85.000000,83.270676,562700
2016-05-13,84.989998,85.029999,84.980003,85.010002,83.280479,1115000
2016-05-16,85.000000,85.000000,84.949997,84.970001,83.241295,600800
2016-05-17,84.949997,84.970001,84.910004,84.940002,83.211891,819500
2016-05-18,84.860001,84.900002,84.779999,84.790001,83.064949,3690500
2016-05-19,84.809998,84.849998,84.809998,84.809998,83.084549,1619600
2016-05-20,84.809998,84.849998,84.800003,84.839996,83.113930,1942600
2016-05-23,84.790001,84.830002,84.790001,84.830002,83.104141,654700
2016-05-24,84.800003,84.809998,84.760002,84.769997,83.045357,778200
2016-05-25,84.800003,84.820000,84.769997,84.820000,83.094353,5242400
2016-05-26,84.849998,84.889999,84.830002,84.870003,83.143349,1253100
2016-05-27,84.870003,84.900002,84.790001,84.820000,83.094353,696200
2016-05-31,84.779999,84.889999,84.779999,84.860001,83.133530,1368300
2016-06-01,84.809998,84.839996,84.750000,84.750000,83.075691,1484500
2016-06-02,84.779999,84.820000,84.779999,84.820000,83.144325,2645800
2016-06-03,84.970001,84.989998,84.949997,84.959999,83.281555,1874900
2016-06-06,84.949997,84.980003,84.910004,84.940002,83.261925,672100
2016-06-07,84.959999,84.989998,84.949997,84.959999,83.281555,624800
2016-06-08,84.949997,84.989998,84.949997,84.980003,83.301147,906600
2016-06-09,85.019997,85.019997,84.980003,85.000000,83.320755,794400
2016-06-10,85.010002,85.070000,85.010002,85.050003,83.369789,425100
2016-06-13,85.080002,85.110001,85.070000,85.070000,83.389381,610500
2016-06-14,85.129997,85.129997,85.070000,85.080002,83.399185,990200
2016-06-15,85.070000,85.320000,85.070000,85.180000,83.497200,785700
2016-06-16,85.180000,85.209999,85.120003,85.129997,83.448181,1129500
2016-06-17,85.139999,85.160004,85.110001,85.139999,83.457970,1574700
2016-06-20,85.080002,85.099998,85.050003,85.089996,83.408966,1698800
2016-06-21,85.070000,85.099998,85.029999,85.029999,83.350143,919100
2016-06-22,85.070000,85.080002,85.040001,85.059998,83.379562,1740300
2016-06-23,85.029999,85.050003,85.000000,85.029999,83.350143,2302800
2016-06-24,85.279999,85.300003,85.199997,85.230003,83.546211,2321800
2016-06-27,85.300003,85.349998,85.279999,85.279999,83.595230,1166100
2016-06-28,85.269997,85.309998,85.260002,85.309998,83.624634,1590900
2016-06-29,85.250000,85.290001,85.250000,85.279999,83.595230,838800
2016-06-30,85.290001,85.339996,85.260002,85.320000,83.634430,2284000
2016-07-01,85.330002,85.330002,85.250000,85.300003,83.663864,3690200
2016-07-05,85.309998,85.349998,85.290001,85.339996,83.703094,1974600
2016-07-06,85.309998,85.339996,85.279999,85.300003,83.663864,5742300
2016-07-07,85.269997,85.300003,85.239998,85.260002,83.624641,1090000
2016-07-08,85.239998,85.269997,85.199997,85.260002,83.624641,1157600
2016-07-11,85.209999,85.230003,85.169998,85.169998,83.536362,1619200
2016-07-12,85.169998,85.169998,85.110001,85.139999,83.506920,5990100
2016-07-13,85.169998,85.180000,85.139999,85.160004,83.526550,836600
2016-07-14,85.099998,85.150002,85.089996,85.110001,83.477501,638500
2016-07-15,85.099998,85.099998,85.059998,85.070000,83.438271,1532100
2016-07-18,85.110001,85.129997,85.089996,85.120003,83.487289,867800
2016-07-19,85.110001,85.129997,85.099998,85.129997,83.497116,739400
2016-07-20,85.089996,85.110001,85.070000,85.089996,83.457870,627500
2016-07-21,85.080002,85.150002,85.070000,85.150002,83.516724,465500
2016-07-22,85.110001,85.139999,85.099998,85.120003,83.487289,382700
2016-07-25,85.099998,85.110001,85.059998,85.059998,83.428467,803500
2016-07-26,85.089996,85.089996,85.040001,85.070000,83.438271,1348500
2016-07-27,85.070000,85.129997,85.050003,85.129997,83.497116,657400
2016-07-28,85.120003,85.150002,85.099998,85.120003,83.487289,913700
2016-07-29,85.180000,85.230003,85.169998,85.230003,83.595207,1041500
2016-08-01,85.110001,85.150002,85.110001,85.150002,83.566734,3053400
2016-08-02,85.110001,85.160004,85.089996,85.120003,83.537308,967700
2016-08-03,85.150002,85.160004,85.099998,85.129997,83.547104,3365300
2016-08-04,85.169998,85.199997,85.160004,85.190002,83.605995,610500
2016-08-05,85.120003,85.120003,85.050003,85.070000,83.488220,1170900
2016-08-08,85.040001,85.070000,85.019997,85.040001,83.458786,2576800
2016-08-09,85.059998,85.089996,85.029999,85.089996,83.507851,2337300
2016-08-10,85.110001,85.129997,85.089996,85.129997,83.547104,971900
2016-08-11,85.129997,85.129997,85.019997,85.050003,83.468605,922600
2016-08-12,85.139999,85.150002,85.089996,85.110001,83.527473,584100
2016-08-15,85.080002,85.099998,85.059998,85.089996,83.507851,873200
2016-08-16,85.050003,85.070000,85.029999,85.059998,83.478409,774400
2016-08-17,85.029999,85.099998,85.010002,85.059998,83.478409,1221300
2016-08-18,85.070000,85.120003,85.040001,85.120003,83.537308,696500
2016-08-19,85.059998,85.080002,85.029999,85.040001,83.458786,590000
2016-08-22,85.070000,85.080002,85.050003,85.050003,83.468605,480000
2016-08-23,85.050003,85.080002,85.040001,85.059998,83.478409,455200
2016-08-24,85.080002,85.080002,85.040001,85.040001,83.458786,466400
2016-08-25,85.040001,85.040001,85.000000,85.010002,83.429352,547300
2016-08-26,85.019997,85.070000,84.930000,84.930000,83.350807,709800
2016-08-29,84.930000,85.000000,84.930000,84.980003,83.399887,473600
2016-08-30,84.989998,85.010002,84.970001,84.989998,83.409706,480400
2016-08-31,85.000000,85.029999,84.980003,84.980003,83.399887,937400
2016-09-01,84.910004,84.980003,84.889999,84.970001,83.439178,1191600
2016-09-02,84.980003,84.989998,84.930000,84.970001,83.439178,726100
2016-09-06,84.959999,85.080002,84.949997,85.029999,83.498085,1335800
2016-09-07,85.059998,85.080002,85.029999,85.029999,83.498085,1049300
2016-09-08,85.019997,85.040001,84.970001,84.970001,83.439178,605900
2016-09-09,84.949997,84.980003,84.930000,84.940002,83.409714,2727300
2016-09-12,84.949997,85.010002,84.940002,84.970001,83.439178,2123600
2016-09-13,84.989998,85.000000,84.910004,84.940002,83.409714,1108600
2016-09-14,84.959999,85.019997,84.959999,84.989998,83.458801,1632600
2016-09-15,85.010002,85.080002,84.989998,85.059998,83.527550,10599200
2016-09-16,85.019997,85.050003,85.000000,85.019997,83.488281,846200
2016-09-19,85.000000,85.019997,84.989998,85.000000,83.468643,657700
2016-09-20,85.000000,85.010002,84.980003,84.980003,83.449005,984300
2016-09-21,84.959999,85.000000,84.910004,85.000000,83.468643,816300
2016-09-22,84.989998,85.019997,84.970001,84.980003,83.449005,759500
2016-09-23,85.000000,85.029999,84.980003,85.029999,83.498085,7016900
2016-09-26,85.050003,85.089996,85.040001,85.080002,83.547203,786300
2016-09-27,85.110001,85.110001,85.059998,85.089996,83.557022,645300
2016-09-28,85.070000,85.089996,85.059998,85.080002,83.547203,1017300
2016-09-29,85.050003,85.110001,85.029999,85.110001,83.576660,1164000
2016-09-30,85.099998,85.110001,85.040001,85.040001,83.507927,1380000
2016-10-03,84.989998,84.989998,84.949997,84.980003,83.497116,1646500
2016-10-04,84.949997,84.949997,84.900002,84.910004,83.428337,933100
2016-10-05,84.940002,84.940002,84.860001,84.860001,83.379211,1644000
2016-10-06,84.860001,84.910004,84.849998,84.860001,83.379211,679500
2016-10-07,84.879997,84.910004,84.860001,84.889999,83.408669,809000
2016-10-10,84.860001,84.870003,84.830002,84.849998,83.369377,924000
2016-10-11,84.820000,84.849998,84.820000,84.839996,83.359543,1259100
2016-10-12,84.830002,84.839996,84.800003,84.839996,83.359543,1311100
2016-10-13,84.860001,84.889999,84.839996,84.870003,83.389038,5123300
2016-10-14,84.870003,84.900002,84.849998,84.849998,83.369377,1481100
2016-10-17,84.900002,84.930000,84.889999,84.919998,83.438148,3860400
2016-10-18,84.919998,84.949997,84.879997,84.949997,83.467651,2067400
2016-10-19,84.930000,84.959999,84.919998,84.949997,83.467651,643300
2016-10-20,84.949997,84.949997,84.900002,84.910004,83.428337,2593200
2016-10-21,84.930000,84.940002,84.900002,84.930000,83.447975,1041900
2016-10-24,84.919998,84.930000,84.879997,84.900002,83.418503,582600
2016-10-25,84.889999,84.919998,84.870003,84.900002,83.418503,3762400
2016-10-26,84.879997,84.889999,84.860001,84.870003,83.389038,517000
2016-10-27,84.870003,84.889999,84.839996,84.889999,83.408669,724800
2016-10-28,84.860001,84.930000,84.860001,84.889999,83.408669,1229300
2016-10-31,84.919998,84.949997,84.919998,84.949997,83.467651,1346300
2016-11-01,84.870003,84.940002,84.860001,84.900002,83.468605,8239600
2016-11-02,84.930000,84.970001,84.910004,84.949997,83.517784,1516600
2016-11-03,84.919998,84.959999,84.919998,84.959999,83.527603,2616600
2016-11-04,84.949997,85.000000,84.940002,84.989998,83.557076,2108300
2016-11-07,84.930000,84.959999,84.919998,84.959999,83.527603,2698400
2016-11-08,84.930000,84.940002,84.860001,84.870003,83.439133,1923900
2016-11-09,84.889999,84.910004,84.760002,84.760002,83.330978,1784100
2016-11-10,84.790001,84.839996,84.730003,84.730003,83.301453,1927100
2016-11-11,84.750000,84.769997,84.699997,84.730003,83.301453,3405000
2016-11-14,84.639999,84.690002,84.599998,84.599998,83.173668,18305000
2016-11-15,84.599998,84.629997,84.589996,84.629997,83.203156,2080800
2016-11-16,84.610001,84.639999,84.580002,84.620003,83.193336,1007900
2016-11-17,84.620003,84.629997,84.589996,84.610001,83.183510,1145600
2016-11-18,84.589996,84.610001,84.529999,84.559998,83.134354,2044500
2016-11-21,84.550003,84.580002,84.510002,84.550003,83.124512,889300
2016-11-22,84.529999,84.580002,84.519997,84.529999,83.104851,2122600
2016-11-23,84.470001,84.519997,84.449997,84.480003,83.055702,1430100
2016-11-25,84.470001,84.510002,84.459999,84.470001,83.045853,347400
2016-11-28,84.489998,84.550003,84.489998,84.519997,83.095016,1131300
2016-11-29,84.500000,84.570000,84.500000,84.529999,83.104851,1232600
2016-11-30,84.500000,84.540001,84.500000,84.500000,83.075356,1449700
2016-12-01,84.400002,84.449997,84.379997,84.410004,83.035995,6249100
2016-12-02,84.489998,84.519997,84.470001,84.500000,83.124527,2449000
2016-12-05,84.470001,84.519997,84.440002,84.500000,83.124527,1785700
2016-12-06,84.510002,84.510002,84.470001,84.480003,83.104874,1325500
2016-12-07,84.519997,84.529999,84.500000,84.510002,83.134384,1282700
2016-12-08,84.480003,84.519997,84.480003,84.500000,83.124527,1272500
2016-12-09,84.519997,84.519997,84.459999,84.489998,83.114700,1321200
2016-12-12,84.459999,84.489998,84.449997,84.459999,83.085197,931300
2016-12-13,84.459999,84.459999,84.410004,84.449997,83.075356,1926700
2016-12-14,84.449997,84.459999,84.250000,84.290001,82.917946,1157600
2016-12-15,84.250000,84.290001,84.230003,84.250000,82.878624,1355800
2016-12-16,84.269997,84.330002,84.260002,84.290001,82.917946,937900
2016-12-19,84.309998,84.349998,84.309998,84.330002,82.957306,1258800
2016-12-20,84.290001,84.349998,84.279999,84.339996,82.967140,1089800
2016-12-21,84.349998,84.379997,84.339996,84.379997,83.006477,1657900
2016-12-22,84.309998,84.339996,84.300003,84.339996,83.027168,1388100
2016-12-23,84.339996,84.339996,84.320000,84.339996,83.027168,1058500
2016-12-27,84.290001,84.309998,84.279999,84.300003,82.987808,893600
2016-12-28,84.300003,84.349998,84.279999,84.330002,83.017326,1312300
2016-12-29,84.360001,84.419998,84.349998,84.419998,83.105927,1271800
2016-12-30,84.430000,84.459999,84.419998,84.449997,83.135445,1214600
2017-01-03,84.370003,84.410004,84.349998,84.379997,83.066536,4196100
2017-01-04,84.349998,84.400002,84.349998,84.400002,83.086250,2182500
2017-01-05,84.410004,84.489998,84.400002,84.459999,83.145309,1614200
2017-01-06,84.410004,84.430000,84.379997,84.389999,83.076393,919000
2017-01-09,84.430000,84.459999,84.419998,84.459999,83.145309,1014100
2017-01-10,84.440002,84.459999,84.430000,84.430000,83.115776,1125800
2017-01-11,84.470001,84.500000,84.419998,84.470001,83.155151,1166800
2017-01-12,84.500000,84.510002,84.459999,84.500000,83.184677,820900
2017-01-13,84.459999,84.459999,84.389999,84.459999,83.145309,1436300
2017-01-17,84.529999,84.550003,84.500000,84.519997,83.204376,1326600
2017-01-18,84.489998,84.519997,84.419998,84.440002,83.125610,996100
2017-01-19,84.389999,84.440002,84.389999,84.410004,83.096085,963500
2017-01-20,84.419998,84.500000,84.419998,84.459999,83.145309,1134400
2017-01-23,84.519997,84.570000,84.489998,84.540001,83.224052,1546900
2017-01-24,84.529999,84.529999,84.480003,84.489998,83.174835,5300100
2017-01-25,84.480003,84.480003,84.440002,84.470001,83.155151,1454500
2017-01-26,84.459999,84.500000,84.440002,84.480003,83.165001,1658000
2017-01-27,84.489998,84.529999,84.489998,84.519997,83.204376,1184700
2017-01-30,84.519997,84.540001,84.500000,84.519997,83.204376,1381300
2017-01-31,84.510002,84.570000,84.510002,84.540001,83.224052,1207800
2017-02-01,84.410004,84.500000,84.379997,84.459999,83.195496,2079600
2017-02-02,84.480003,84.510002,84.470001,84.489998,83.225029,1341800
2017-02-03,84.519997,84.550003,84.459999,84.459999,83.195496,1433300
2017-02-06,84.529999,84.570000,84.519997,84.550003,83.284134,1663400
2017-02-07,84.559998,84.580002,84.529999,84.529999,83.264435,730000
2017-02-08,84.570000,84.610001,84.550003,84.610001,83.343254,1197000
2017-02-09,84.580002,84.589996,84.519997,84.540001,83.274284,1149800
2017-02-10,84.510002,84.550003,84.510002,84.529999,83.264435,968400
2017-02-13,84.500000,84.519997,84.489998,84.510002,83.244751,666000
2017-02-14,84.489998,84.510002,84.430000,84.449997,83.185638,781100
2017-02-15,84.400002,84.440002,84.389999,84.419998,83.156097,963900
2017-02-16,84.449997,84.500000,84.430000,84.459999,83.195496,1933700
2017-02-17,84.529999,84.540001,84.500000,84.519997,83.254601,986600
2017-02-21,84.510002,84.529999,84.489998,84.529999,83.264435,840400
2017-02-22,84.550003,84.570000,84.489998,84.550003,83.284134,695300
2017-02-23,84.570000,84.599998,84.570000,84.589996,83.323532,1517100
2017-02-24,84.620003,84.669998,84.620003,84.629997,83.362930,587700
2017-02-27,84.639999,84.639999,84.550003,84.559998,83.293983,1030700
2017-02-28,84.570000,84.599998,84.519997,84.519997,83.254601,1043500
2017-03-01,84.370003,84.400002,84.360001,84.400002,83.189552,1541500
2017-03-02,84.349998,84.360001,84.290001,84.309998,83.100830,930300
2017-03-03,84.320000,84.360001,84.300003,84.330002,83.120552,1569200
2017-03-06,84.339996,84.360001,84.330002,84.349998,83.140259,684600
2017-03-07,84.330002,84.339996,84.300003,84.320000,83.110687,652600
2017-03-08,84.250000,84.290001,84.239998,84.250000,83.041702,862700
2017-03-09,84.260002,84.269997,84.230003,84.239998,83.031830,862900
2017-03-10,84.260002,84.290001,84.250000,84.290001,83.081093,784400
2017-03-13,84.279999,84.290001,84.250000,84.250000,83.041702,884100
2017-03-14,84.239998,84.290001,84.239998,84.239998,83.031830,966000
2017-03-15,84.260002,84.410004,84.239998,84.400002,83.189552,1102800
2017-03-16,84.349998,84.389999,84.339996,84.339996,83.130402,925700
2017-03-17,84.379997,84.410004,84.360001,84.379997,83.169807,657800
2017-03-20,84.400002,84.430000,84.379997,84.430000,83.219116,778000
2017-03-21,84.419998,84.480003,84.410004,84.470001,83.258522,739000
2017-03-22,84.510002,84.529999,84.489998,84.489998,83.278244,1028600
2017-03-23,84.510002,84.529999,84.459999,84.489998,83.278244,868200
2017-03-24,84.480003,84.519997,84.470001,84.489998,83.278244,1119700
2017-03-27,84.540001,84.570000,84.510002,84.519997,83.307823,943400
2017-03-28,84.540001,84.550003,84.459999,84.480003,83.268387,782600
2017-03-29,84.500000,84.529999,84.500000,84.529999,83.317673,1043900
2017-03-30,84.500000,84.529999,84.489998,84.510002,83.297966,576900
2017-03-31,84.529999,84.559998,84.519997,84.519997,83.307823,949900
2017-04-03,84.480003,84.540001,84.480003,84.540001,83.384750,2146600
2017-04-04,84.519997,84.519997,84.489998,84.510002,83.355164,927100
2017-04-05,84.500000,84.540001,84.470001,84.510002,83.355164,1177000
2017-04-06,84.500000,84.529999,84.489998,84.529999,83.374878,500800
2017-04-07,84.510002,84.540001,84.419998,84.419998,83.266388,504000
2017-04-10,84.449997,84.489998,84.440002,84.459999,83.305847,605700
2017-04-11,84.500000,84.570000,84.500000,84.540001,83.384750,560800
2017-04-12,84.559998,84.599998,84.529999,84.599998,83.443932,576200
2017-04-13,84.589996,84.639999,84.580002,84.639999,83.483383,969900
2017-04-17,84.629997,84.650002,84.610001,84.629997,83.473511,727700
2017-04-18,84.650002,84.699997,84.650002,84.699997,83.542557,905300
2017-04-19,84.669998,84.690002,84.650002,84.660004,83.503120,968300
2017-04-20,84.639999,84.669998,84.629997,84.650002,83.493256,668300
2017-04-21,84.669998,84.699997,84.660004,84.690002,83.532707,589800
2017-04-24,84.589996,84.620003,84.570000,84.599998,83.443932,1001600
2017-04-25,84.559998,84.570000,84.519997,84.519997,83.365028,905900
2017-04-26,84.550003,84.570000,84.519997,84.550003,83.394615,594300
2017-04-27,84.559998,84.620003,84.559998,84.580002,83.424194,785200
2017-04-28,84.570000,84.620003,84.559998,84.620003,83.463654,1708200
2017-05-01,84.519997,84.550003,84.489998,84.500000,83.406410,2918600
2017-05-02,84.500000,84.550003,84.500000,84.529999,83.436020,982500
2017-05-03,84.529999,84.529999,84.470001,84.470001,83.376793,923400
2017-05-04,84.449997,84.480003,84.440002,84.459999,83.366913,817400
2017-05-05,84.459999,84.489998,84.449997,84.489998,83.396538,615200
2017-05-08,84.470001,84.470001,84.430000,84.449997,83.357063,633500
2017-05-09,84.419998,84.440002,84.400002,84.410004,83.317589,802100
2017-05-10,84.449997,84.449997,84.410004,84.430000,83.337311,665700
2017-05-11,84.389999,84.459999,84.389999,84.440002,83.347191,545700
2017-05-12,84.500000,84.550003,84.500000,84.540001,83.445892,470500
2017-05-15,84.510002,84.540001,84.510002,84.529999,83.436020,751400
2017-05-16,84.519997,84.550003,84.500000,84.529999,83.436020,611900
2017-05-17,84.589996,84.639999,84.580002,84.620003,83.524849,663200
2017-05-18,84.620003,84.620003,84.580002,84.580002,83.485367,829100
2017-05-19,84.610001,84.610001,84.559998,84.599998,83.505104,503800
2017-05-22,84.580002,84.589996,84.570000,84.570000,83.475502,478000
2017-05-23,84.580002,84.599998,84.510002,84.540001,83.445892,1060200
2017-05-24,84.550003,84.589996,84.519997,84.589996,83.495239,1055200
2017-05-25,84.570000,84.599998,84.570000,84.589996,83.495239,644300
2017-05-26,84.589996,84.599998,84.570000,84.580002,83.485367,482100
2017-05-30,84.599998,84.610001,84.589996,84.610001,83.514977,486600
2017-05-31,84.620003,84.629997,84.599998,84.620003,83.524849,1043200
2017-06-01,84.500000,84.540001,84.500000,84.540001,83.509048,1191800
2017-06-02,84.570000,84.599998,84.559998,84.599998,83.568314,1068700
2017-06-05,84.550003,84.550003,84.529999,84.529999,83.499176,661500
2017-06-06,84.570000,84.580002,84.550003,84.559998,83.528801,688000
2017-06-07,84.529999,84.550003,84.519997,84.529999,83.499176,765900
2017-06-08,84.510002,84.529999,84.500000,84.510002,83.479424,2431400
2017-06-09,84.480003,84.510002,84.470001,84.480003,83.449783,1255200
2017-06-12,84.459999,84.500000,84.459999,84.470001,83.439888,804700
2017-06-13,84.449997,84.480003,84.449997,84.470001,83.439888,533300
2017-06-14,84.559998,84.599998,84.489998,84.510002,83.479424,788800
2017-06-15,84.489998,84.489998,84.470001,84.480003,83.449783,627600
2017-06-16,84.500000,84.540001,84.500000,84.519997,83.489288,685600
2017-06-19,84.480003,84.489998,84.449997,84.470001,83.439888,617700
2017-06-20,84.449997,84.489998,84.449997,84.480003,83.449783,751400
2017-06-21,84.459999,84.510002,84.459999,84.489998,83.459656,1073600
2017-06-22,84.519997,84.540001,84.500000,84.500000,83.469528,542000
2017-06-23,84.529999,84.550003,84.510002,84.550003,83.518944,679000
2017-06-26,84.519997,84.550003,84.519997,84.550003,83.518944,1068500
2017-06-27,84.500000,84.510002,84.480003,84.500000,83.469528,1192500
2017-06-28,84.519997,84.540001,84.510002,84.540001,83.509048,4031800
2017-06-29,84.480003,84.510002,84.480003,84.489998,83.459656,565400
2017-06-30,84.519997,84.519997,84.470001,84.489998,83.459656,825000
2017-07-03,84.419998,84.419998,84.349998,84.360001,83.397377,968100
2017-07-05,84.360001,84.410004,84.349998,84.389999,83.427025,3032900
2017-07-06,84.389999,84.410004,84.370003,84.410004,83.446808,652900
2017-07-07,84.410004,84.430000,84.379997,84.400002,83.436935,783100
2017-07-10,84.430000,84.440002,84.419998,84.440002,83.476463,402500
2017-07-11,84.419998,84.470001,84.419998,84.470001,83.506104,1615500
2017-07-12,84.510002,84.529999,84.480003,84.510002,83.545677,1069900
2017-07-13,84.480003,84.500000,84.459999,84.470001,83.506104,532200
2017-07-14,84.540001,84.550003,84.500000,84.510002,83.545677,1362300
2017-07-17,84.500000,84.529999,84.489998,84.519997,83.555550,496700
2017-07-18,84.519997,84.540001,84.519997,84.540001,83.575317,625500
2017-07-19,84.529999,84.540001,84.519997,84.540001,83.575317,919000
2017-07-20,84.550003,84.559998,84.529999,84.540001,83.575317,1083200
2017-07-21,84.550003,84.580002,84.550003,84.580002,83.614868,589600
2017-07-24,84.540001,84.559998,84.540001,84.550003,83.585220,441000
2017-07-25,84.510002,84.519997,84.480003,84.500000,83.535774,571600
2017-07-26,84.500000,84.570000,84.500000,84.559998,83.595085,493400
2017-07-27,84.540001,84.559998,84.529999,84.540001,83.575317,475400
2017-07-28,84.559998,84.589996,84.550003,84.589996,83.624756,709100
2017-07-31,84.559998,84.589996,84.559998,84.580002,83.614868,876400
2017-08-01,84.489998,84.540001,84.489998,84.540001,83.645531,1314500
2017-08-02,84.489998,84.529999,84.489998,84.500000,83.605957,994200
2017-08-03,84.529999,84.550003,84.510002,84.529999,83.635643,1149200
2017-08-04,84.519997,84.529999,84.500000,84.500000,83.605957,617200
2017-08-07,84.510002,84.529999,84.500000,84.529999,83.635643,712300
2017-08-08,84.529999,84.529999,84.489998,84.529999,83.635643,747200
2017-08-09,84.570000,84.599998,84.519997,84.519997,83.625755,734300
2017-08-10,84.550003,84.580002,84.550003,84.550003,83.655426,959700
2017-08-11,84.580002,84.660004,84.580002,84.660004,83.764259,737100
2017-08-14,84.629997,84.639999,84.580002,84.589996,83.695015,405500
2017-08-15,84.559998,84.570000,84.540001,84.550003,83.655426,432300
2017-08-16,84.529999,84.610001,84.529999,84.599998,83.704895,655500
2017-08-17,84.599998,84.639999,84.580002,84.620003,83.724686,581400
2017-08-18,84.660004,84.669998,84.610001,84.610001,83.714813,674000
2017-08-21,84.620003,84.660004,84.620003,84.629997,83.734573,928700
2017-08-22,84.629997,84.629997,84.589996,84.620003,83.724686,1012100
2017-08-23,84.620003,84.699997,84.620003,84.699997,83.803833,438300
2017-08-24,84.639999,84.639999,84.599998,84.620003,83.724686,494800
2017-08-25,84.620003,84.650002,84.589996,84.650002,83.754379,513700
2017-08-28,84.639999,84.650002,84.620003,84.620003,83.724686,866300
2017-08-29,84.699997,84.699997,84.650002,84.660004,83.764259,1181800
2017-08-30,84.660004,84.680000,84.639999,84.680000,83.784058,665700
2017-08-31,84.669998,84.680000,84.650002,84.680000,83.784058,582500
2017-09-01,84.599998,84.620003,84.550003,84.589996,83.766228,943600
2017-09-05,84.629997,84.680000,84.620003,84.669998,83.845436,851600
2017-09-06,84.660004,84.680000,84.629997,84.660004,83.835564,1118700
2017-09-07,84.690002,84.720001,84.669998,84.709999,83.885056,483000
2017-09-08,84.699997,84.720001,84.680000,84.690002,83.865257,486800
2017-09-11,84.660004,84.669998,84.610001,84.610001,83.786026,1052500
2017-09-12,84.599998,84.620003,84.570000,84.570000,83.746429,1752600
2017-09-13,84.589996,84.589996,84.550003,84.550003,83.726624,568300
2017-09-14,84.529999,84.570000,84.519997,84.559998,83.736519,849400
2017-09-15,84.559998,84.559998,84.519997,84.550003,83.726624,581600
2017-09-18,84.500000,84.529999,84.500000,84.500000,83.677101,621600
2017-09-19,84.519997,84.529999,84.500000,84.510002,83.687012,433300
2017-09-20,84.540001,84.550003,84.440002,84.440002,83.617691,830900
2017-09-21,84.449997,84.480003,84.419998,84.419998,83.597885,949800
2017-09-22,84.470001,84.500000,84.440002,84.440002,83.617691,529800
2017-09-25,84.470001,84.519997,84.459999,84.489998,83.667206,587700
2017-09-26,84.489998,84.500000,84.470001,84.470001,83.647400,922400
2017-09-27,84.440002,84.459999,84.440002,84.459999,83.637489,462400
2017-09-28,84.470001,84.489998,84.449997,84.470001,83.647400,290800
2017-09-29,84.480003,84.500000,84.419998,84.449997,83.627586,880700
2017-10-02,84.379997,84.440002,84.330002,84.440002,83.690033,1087400
2017-10-03,84.370003,84.410004,84.349998,84.389999,83.640480,1170200
2017-10-04,84.379997,84.550003,84.349998,84.550003,83.799065,1180600
2017-10-05,84.360001,84.379997,84.339996,84.370003,83.620659,2329400
2017-10-06,84.300003,84.370003,84.290001,84.339996,83.590935,699200
2017-10-09,84.389999,84.419998,84.330002,84.339996,83.590935,504000
2017-10-10,84.330002,84.379997,84.330002,84.360001,83.610748,700800
2017-10-11,84.339996,84.360001,84.320000,84.349998,83.600830,1205200
2017-10-12,84.330002,84.360001,84.330002,84.339996,83.590935,1248900
2017-10-13,84.370003,84.389999,84.349998,84.389999,83.640480,667800
2017-10-16,84.339996,84.360001,84.300003,84.309998,83.561203,586700
2017-10-17,84.290001,84.320000,84.290001,84.320000,83.571098,818800
2017-10-18,84.260002,84.300003,84.250000,84.290001,83.541367,500100
2017-10-19,84.309998,84.349998,84.300003,84.339996,83.590935,524300
2017-10-20,84.300003,84.320000,84.269997,84.290001,83.541367,437100
2017-10-23,84.290001,84.320000,84.290001,84.290001,83.541367,582200
2017-10-24,84.300003,84.300003,84.269997,84.269997,83.521538,2554600
2017-10-25,84.250000,84.300003,84.250000,84.250000,83.501724,1726900
2017-10-26,84.269997,84.290001,84.239998,84.250000,83.501724,553700
2017-10-27,84.250000,84.320000,84.239998,84.309998,83.561203,698100
2017-10-30,84.339996,84.349998,84.300003,84.349998,83.600830,432400
2017-10-31,84.349998,84.349998,84.279999,84.300003,83.551285,626100
2017-11-01,84.169998,84.209999,84.169998,84.209999,83.539375,840300
2017-11-02,84.230003,84.239998,84.180000,84.230003,83.559212,1821000
2017-11-03,84.260002,84.260002,84.180000,84.180000,83.509621,1300400
2017-11-06,84.190002,84.230003,84.190002,84.230003,83.559212,947400
2017-11-07,84.230003,84.230003,84.190002,84.190002,83.519531,747300
2017-11-08,84.180000,84.220001,84.169998,84.180000,83.509621,726500
2017-11-09,84.180000,84.220001,84.160004,84.169998,83.499695,769200
2017-11-10,84.209999,84.209999,84.139999,84.139999,83.469933,619300
2017-11-13,84.160004,84.169998,84.129997,84.129997,83.460014,632800
2017-11-14,84.129997,84.150002,84.120003,84.150002,83.479851,2678000
2017-11-15,84.180000,84.180000,84.110001,84.120003,83.450089,3981000
2017-11-16,84.099998,84.129997,84.080002,84.129997,83.460014,3046700
2017-11-17,84.139999,84.139999,84.080002,84.080002,83.410416,1339800
2017-11-20,84.110001,84.110001,84.050003,84.050003,83.380653,557600
2017-11-21,84.070000,84.070000,84.019997,84.029999,83.360802,584500
2017-11-22,84.080002,84.120003,84.059998,84.099998,83.430244,900900
2017-11-24,84.160004,84.160004,84.080002,84.099998,83.430244,626000
2017-11-27,84.089996,84.120003,84.070000,84.099998,83.430244,1079000
2017-11-28,84.129997,84.129997,84.080002,84.110001,83.440178,564300
2017-11-29,84.080002,84.089996,84.050003,84.089996,83.420334,670600
2017-11-30,84.110001,84.110001,84.019997,84.040001,83.370720,1010700
2017-12-01,83.980003,84.040001,83.919998,83.980003,83.389595,1133000
2017-12-04,83.970001,83.970001,83.910004,83.930000,83.339951,2441200
2017-12-05,83.959999,83.959999,83.889999,83.919998,83.330009,1422200
2017-12-06,84.029999,84.029999,83.940002,83.959999,83.369736,1175600
2017-12-07,83.980003,83.980003,83.940002,83.970001,83.379669,1168200
2017-12-08,83.989998,84.000000,83.959999,83.970001,83.379669,923000
2017-12-11,83.980003,83.980003,83.919998,83.930000,83.339951,2432000
2017-12-12,83.930000,83.940002,83.900002,83.930000,83.339951,992500
2017-12-13,84.000000,84.070000,83.930000,84.019997,83.429321,1112400
2017-12-14,84.000000,84.000000,83.949997,83.989998,83.399521,1471900
2017-12-15,83.959999,83.959999,83.910004,83.949997,83.359802,983800
2017-12-18,83.959999,83.970001,83.930000,83.949997,83.359802,664900
2017-12-19,83.940002,83.940002,83.900002,83.910004,83.320084,760000
2017-12-20,83.910004,83.940002,83.900002,83.919998,83.330009,840100
2017-12-21,83.839996,83.839996,83.800003,83.820000,83.324051,964500
2017-12-22,83.800003,83.820000,83.790001,83.790001,83.294235,1050900
2017-12-26,83.769997,83.809998,83.769997,83.779999,83.284286,1185500
2017-12-27,83.800003,83.820000,83.790001,83.820000,83.324051,1122300
2017-12-28,83.809998,83.839996,83.800003,83.830002,83.333992,1108200
2017-12-29,83.860001,83.870003,83.839996,83.849998,83.353874,1210700
2018-01-02,83.849998,83.849998,83.790001,83.820000,83.324051,1786000
2018-01-03,83.809998,83.839996,83.790001,83.820000,83.324051,1040900
2018-01-04,83.769997,83.800003,83.750000,83.779999,83.284286,955400
2018-01-05,83.769997,83.790001,83.760002,83.779999,83.284286,850600
2018-01-08,83.800003,83.800003,83.760002,83.779999,83.284286,597700
2018-01-09,83.800003,83.800003,83.750000,83.750000,83.254456,1551100
2018-01-10,83.779999,83.779999,83.739998,83.779999,83.284286,789500
2018-01-11,83.769997,83.790001,83.750000,83.750000,83.254456,1047900
2018-01-12,83.800003,83.800003,83.720001,83.739998,83.244522,905000
2018-01-16,83.660004,83.750000,83.660004,83.730003,83.234573,2707400
2018-01-17,83.720001,83.720001,83.680000,83.699997,83.204750,2950800
2018-01-18,83.680000,83.699997,83.660004,83.680000,83.184875,1090700
2018-01-19,83.699997,83.709999,83.660004,83.709999,83.214699,1052000
2018-01-22,83.680000,83.680000,83.650002,83.669998,83.174934,973500
2018-01-23,83.680000,83.720001,83.680000,83.720001,83.224640,885600
2018-01-24,83.709999,83.709999,83.669998,83.699997,83.204750,865700
2018-01-25,83.690002,83.699997,83.639999,83.680000,83.184875,757200
2018-01-26,83.709999,83.709999,83.620003,83.629997,83.135162,990600
2018-01-29,83.610001,83.620003,83.580002,83.599998,83.105339,1440100
2018-01-30,83.650002,83.650002,83.589996,83.610001,83.115295,1708600
2018-01-31,83.639999,83.639999,83.559998,83.610001,83.115295,2078700
2018-02-01,83.519997,83.529999,83.470001,83.489998,83.081459,2243800
2018-02-02,83.480003,83.519997,83.440002,83.500000,83.091415,1825500
2018-02-05,83.449997,83.680000,83.449997,83.650002,83.240669,2019800
2018-02-06,83.510002,83.650002,83.510002,83.589996,83.180962,2386700
2018-02-07,83.519997,83.580002,83.489998,83.529999,83.121262,2054000
2018-02-08,83.529999,83.570000,83.480003,83.540001,83.131218,1178600
2018-02-09,83.540001,83.699997,83.519997,83.610001,83.200867,3159900
2018-02-12,83.589996,83.589996,83.540001,83.570000,83.161064,1592800
2018-02-13,83.550003,83.570000,83.529999,83.570000,83.161064,1292800
2018-02-14,83.500000,83.500000,83.430000,83.449997,83.041656,953400
2018-02-15,83.440002,83.459999,83.400002,83.419998,83.011803,1452800
2018-02-16,83.370003,83.470001,83.370003,83.440002,83.031700,728400
2018-02-20,83.410004,83.440002,83.410004,83.430000,83.021759,1448400
2018-02-21,83.430000,83.449997,83.379997,83.440002,83.031700,1540700
2018-02-22,83.449997,83.459999,83.410004,83.449997,83.041656,839300
2018-02-23,83.470001,83.500000,83.449997,83.470001,83.061554,753800
2018-02-26,83.510002,83.540001,83.480003,83.480003,83.071510,1445800
2018-02-27,83.529999,83.529999,83.410004,83.419998,83.011803,852300
2018-02-28,83.449997,83.470001,83.430000,83.440002,83.031700,3721300
2018-03-01,83.389999,83.489998,83.360001,83.470001,83.147255,2049900
2018-03-02,83.449997,83.449997,83.400002,83.430000,83.107414,1716600
2018-03-05,83.449997,83.470001,83.400002,83.430000,83.107414,1112200
2018-03-06,83.430000,83.449997,83.400002,83.410004,83.087494,737300
2018-03-07,83.419998,83.449997,83.400002,83.410004,83.087494,1231000
2018-03-08,83.419998,83.440002,83.410004,83.430000,83.107414,608900
2018-03-09,83.389999,83.430000,83.379997,83.389999,83.067566,669000
2018-03-12,83.430000,83.440002,83.389999,83.430000,83.107414,1281200
2018-03-13,83.449997,83.470001,83.430000,83.449997,83.127335,609900
2018-03-14,83.419998,83.489998,83.400002,83.440002,83.117371,1525800
2018-03-15,83.430000,83.470001,83.419998,83.449997,83.127335,1106600
2018-03-16,83.449997,83.449997,83.410004,83.410004,83.087494,878500
2018-03-19,83.400002,83.449997,83.389999,83.410004,83.087494,834900
2018-03-20,83.389999,83.400002,83.360001,83.379997,83.057594,1074700
2018-03-21,83.349998,83.449997,83.330002,83.440002,83.117371,2404500
2018-03-22,83.440002,83.510002,83.440002,83.480003,83.157219,1954900
2018-03-23,83.480003,83.519997,83.459999,83.500000,83.177147,1202800
2018-03-26,83.480003,83.500000,83.449997,83.459999,83.137291,1729400
2018-03-27,83.459999,83.540001,83.459999,83.519997,83.197060,1732600
2018-03-28,83.540001,83.570000,83.489998,83.529999,83.207024,1899300
2018-03-29,83.500000,83.559998,83.500000,83.559998,83.236908,2998600
2018-04-02,83.449997,83.529999,83.419998,83.489998,83.260834,3047700
2018-04-03,83.470001,83.480003,83.419998,83.449997,83.220947,3418600
2018-04-04,83.470001,83.470001,83.400002,83.400002,83.171089,1717600
2018-04-05,83.400002,83.430000,83.400002,83.419998,83.191032,1109600
2018-04-06,83.470001,83.489998,83.440002,83.489998,83.260834,1097400
2018-04-09,83.440002,83.480003,83.430000,83.480003,83.250870,1738000
2018-04-10,83.430000,83.459999,83.410004,83.440002,83.210976,1218500
2018-04-11,83.440002,83.459999,83.419998,83.440002,83.210976,985600
2018-04-12,83.410004,83.410004,83.379997,83.389999,83.161110,791100
2018-04-13,83.370003,83.389999,83.360001,83.370003,83.141174,1040900
2018-04-16,83.349998,83.370003,83.330002,83.360001,83.131195,1155900
2018-04-17,83.349998,83.360001,83.330002,83.360001,83.131195,892300
2018-04-18,83.300003,83.309998,83.279999,83.290001,83.061394,971700
2018-04-19,83.300003,83.309998,83.269997,83.290001,83.061394,1410800
2018-04-20,83.269997,83.290001,83.250000,83.260002,83.031471,904800
2018-04-23,83.260002,83.260002,83.220001,83.250000,83.021500,1861100
2018-04-24,83.220001,83.269997,83.209999,83.269997,83.041443,1999400
2018-04-25,83.230003,83.269997,83.230003,83.260002,83.031471,2176400
2018-04-26,83.290001,83.290001,83.250000,83.279999,83.051414,2538700
2018-04-27,83.269997,83.300003,83.269997,83.300003,83.071365,1443700
2018-04-30,83.279999,83.300003,83.269997,83.269997,83.041443,1944700
2018-05-01,83.169998,83.180000,83.129997,83.129997,83.004494,2027800
2018-05-02,83.150002,83.169998,83.129997,83.160004,83.034454,1688600
2018-05-03,83.199997,83.230003,83.199997,83.220001,83.094360,2961500
2018-05-04,83.220001,83.239998,83.180000,83.190002,83.064407,1348100
2018-05-07,83.209999,83.220001,83.190002,83.190002,83.064407,7560400
2018-05-08,83.190002,83.199997,83.180000,83.199997,83.074387,9734900
2018-05-09,83.169998,83.180000,83.160004,83.160004,83.034454,1009600
2018-05-10,83.190002,83.199997,83.160004,83.160004,83.034454,937900
2018-05-11,83.180000,83.180000,83.160004,83.160004,83.034454,710200
2018-05-14,83.169998,83.169998,83.150002,83.160004,83.034454,1024700
2018-05-15,83.120003,83.139999,83.089996,83.110001,82.984528,1087000
2018-05-16,83.110001,83.120003,83.099998,83.110001,82.984528,704700
2018-05-17,83.139999,83.139999,83.120003,83.129997,83.004494,1015700
2018-05-18,83.180000,83.199997,83.169998,83.169998,83.044434,922800
2018-05-21,83.160004,83.169998,83.150002,83.169998,83.044434,1286500
2018-05-22,83.160004,83.180000,83.150002,83.169998,83.044434,793000
2018-05-23,83.199997,83.269997,83.190002,83.239998,83.114326,1179600
2018-05-24,83.300003,83.330002,83.290001,83.290001,83.164253,1384800
2018-05-25,83.349998,83.379997,83.349998,83.360001,83.234146,611800
2018-05-29,83.430000,83.639999,83.430000,83.599998,83.473785,2137500
2018-05-30,83.540001,83.540001,83.470001,83.500000,83.373940,1674700
2018-05-31,83.489998,83.500000,83.430000,83.459999,83.334000,5749300
2018-06-01,83.279999,83.300003,83.250000,83.269997,83.269997,3230600
